Name;Volume each;flow_1;Tier 1 Name;self_1;flow_2;Tier 2 Name;self_2;flow_3;Tier 3 Name;self_3;flow_4;Tier 4 Name;self_4;flow_5;Tier 5 Name;self_5;flow_6;Tier 6 Name;self_6
OCOSO;0;2192486;OCOSO;0;2192486;;;;;;;;;;;;;;
Automobile;0;;OCOSO;;40404;Automobile;13468;26936;;;;;;;;;;;
Automotive;0;;OCOSO;;;Automobile;;26936;Automotive;8979;17957;;;;;;;;
Auto Body Styles;0;;OCOSO;;;Automobile;;;Automotive;;5967;Auto Body Styles;1989;3978;;;;;
Commercial Trucks;0;;OCOSO;;;Automobile;;;Automotive;;;Auto Body Styles;;174;Commercial Trucks;174;;;
Convertible;0;;OCOSO;;;Automobile;;;Automotive;;;Auto Body Styles;;556;Convertible;556;;;
Coupe;0;;OCOSO;;;Automobile;;;Automotive;;;Auto Body Styles;;412;Coupe;412;;;
Crossover;0;;OCOSO;;;Automobile;;;Automotive;;;Auto Body Styles;;265;Crossover;265;;;
Hatchback;0;;OCOSO;;;Automobile;;;Automotive;;;Auto Body Styles;;172;Hatchback;172;;;
Microcar;0;;OCOSO;;;Automobile;;;Automotive;;;Auto Body Styles;;137;Microcar;137;;;
Minivan;0;;OCOSO;;;Automobile;;;Automotive;;;Auto Body Styles;;531;Minivan;531;;;
Off-Road Vehicles;0;;OCOSO;;;Automobile;;;Automotive;;;Auto Body Styles;;690;Off-Road Vehicles;690;;;
Pickup Trucks;0;;OCOSO;;;Automobile;;;Automotive;;;Auto Body Styles;;383;Pickup Trucks;383;;;
Sedan;0;;OCOSO;;;Automobile;;;Automotive;;;Auto Body Styles;;12;Sedan;12;;;
Station Wagon;0;;OCOSO;;;Automobile;;;Automotive;;;Auto Body Styles;;32;Station Wagon;32;;;
SUV;0;;OCOSO;;;Automobile;;;Automotive;;;Auto Body Styles;;604;SUV;604;;;
Van;0;;OCOSO;;;Automobile;;;Automotive;;;Auto Body Styles;;10;Van;10;;;
Auto Buying and Selling;0;;OCOSO;;;Automobile;;;Automotive;;505;Auto Buying and Selling;505;;;;;;
Auto Insurance;0;;OCOSO;;;Automobile;;;Automotive;;887;Auto Insurance;887;;;;;;
Auto Parts;0;;OCOSO;;;Automobile;;;Automotive;;980;Auto Parts;980;;;;;;
Auto Recalls;0;;OCOSO;;;Automobile;;;Automotive;;106;Auto Recalls;106;;;;;;
Auto Rentals;0;;OCOSO;;;Automobile;;;Automotive;;338;Auto Rentals;338;;;;;;
Auto Repair;0;;OCOSO;;;Automobile;;;Automotive;;836;Auto Repair;836;;;;;;
Auto Safety;0;;OCOSO;;;Automobile;;;Automotive;;633;Auto Safety;633;;;;;;
Auto Shows;0;;OCOSO;;;Automobile;;;Automotive;;547;Auto Shows;547;;;;;;
Auto Technology;0;;OCOSO;;;Automobile;;;Automotive;;911;Auto Technology;304;607;;;;;
Auto Infotainment Technologies;0;;OCOSO;;;Automobile;;;Automotive;;;Auto Technology;;20;Auto Infotainment Technologies;20;;;
Auto Navigation Systems;0;;OCOSO;;;Automobile;;;Automotive;;;Auto Technology;;183;Auto Navigation Systems;183;;;
Auto Safety Technologies;0;;OCOSO;;;Automobile;;;Automotive;;;Auto Technology;;404;Auto Safety Technologies;404;;;
Auto Type;0;;OCOSO;;;Automobile;;;Automotive;;4184;Auto Type;1395;2789;;;;;
Budget Cars;0;;OCOSO;;;Automobile;;;Automotive;;;Auto Type;;417;Budget Cars;417;;;
Certified Pre-Owned Cars;0;;OCOSO;;;Automobile;;;Automotive;;;Auto Type;;467;Certified Pre-Owned Cars;467;;;
Classic Cars;0;;OCOSO;;;Automobile;;;Automotive;;;Auto Type;;261;Classic Cars;261;;;
Concept Cars;0;;OCOSO;;;Automobile;;;Automotive;;;Auto Type;;300;Concept Cars;300;;;
Driverless Cars;0;;OCOSO;;;Automobile;;;Automotive;;;Auto Type;;51;Driverless Cars;51;;;
Green Vehicles;0;;OCOSO;;;Automobile;;;Automotive;;;Auto Type;;749;Green Vehicles;749;;;
Luxury Cars;0;;OCOSO;;;Automobile;;;Automotive;;;Auto Type;;30;Luxury Cars;30;;;
Performance Cars;0;;OCOSO;;;Automobile;;;Automotive;;;Auto Type;;514;Performance Cars;514;;;
Car Culture;0;;OCOSO;;;Automobile;;;Automotive;;377;Car Culture;377;;;;;;
Dash Cam Videos;0;;OCOSO;;;Automobile;;;Automotive;;480;Dash Cam Videos;480;;;;;;
Motorcycles;0;;OCOSO;;;Automobile;;;Automotive;;665;Motorcycles;665;;;;;;
Road-Side Assistance;0;;OCOSO;;;Automobile;;;Automotive;;347;Road-Side Assistance;347;;;;;;
Scooters;0;;OCOSO;;;Automobile;;;Automotive;;194;Scooters;194;;;;;;
Business Finance and Careers;0;;OCOSO;;128288;Business Finance and Careers;42763;85525;;;;;;;;;;;
Business and Finance;0;;OCOSO;;;Business Finance and Careers;;31307;Business and Finance;10436;20871;;;;;;;;
Business;0;;OCOSO;;;Business Finance and Careers;;;Business and Finance;;5969;Business;1990;3979;;;;;
Business Accounting & Finance;0;;OCOSO;;;Business Finance and Careers;;;Business and Finance;;;Business;;156;Business Accounting & Finance;156;;;
Business Administration;0;;OCOSO;;;Business Finance and Careers;;;Business and Finance;;;Business;;162;Business Administration;162;;;
Business Banking & Finance;0;;OCOSO;;;Business Finance and Careers;;;Business and Finance;;;Business;;1005;Business Banking & Finance;335;670;;
Angel Investment;0;;OCOSO;;;Business Finance and Careers;;;Business and Finance;;;Business;;;Business Banking & Finance;;43;Angel Investment;43
Bankruptcy;0;;OCOSO;;;Business Finance and Careers;;;Business and Finance;;;Business;;;Business Banking & Finance;;39;Bankruptcy;39
Business Loans;0;;OCOSO;;;Business Finance and Careers;;;Business and Finance;;;Business;;;Business Banking & Finance;;322;Business Loans;322
Debt Factoring & Invoice Discounting;0;;OCOSO;;;Business Finance and Careers;;;Business and Finance;;;Business;;;Business Banking & Finance;;108;Debt Factoring & Invoice Discounting;108
Mergers and Acquisitions;0;;OCOSO;;;Business Finance and Careers;;;Business and Finance;;;Business;;;Business Banking & Finance;;27;Mergers and Acquisitions;27
Private Equity;0;;OCOSO;;;Business Finance and Careers;;;Business and Finance;;;Business;;;Business Banking & Finance;;4;Private Equity;4
Sale & Lease Back;0;;OCOSO;;;Business Finance and Careers;;;Business and Finance;;;Business;;;Business Banking & Finance;;61;Sale & Lease Back;61
Venture Capital;0;;OCOSO;;;Business Finance and Careers;;;Business and Finance;;;Business;;;Business Banking & Finance;;66;Venture Capital;66
Business I.T.;0;;OCOSO;;;Business Finance and Careers;;;Business and Finance;;;Business;;177;Business I.T.;177;;;
Business Operations;0;;OCOSO;;;Business Finance and Careers;;;Business and Finance;;;Business;;96;Business Operations;96;;;
Business Utilities;0;;OCOSO;;;Business Finance and Careers;;;Business and Finance;;;Business;;291;Business Utilities;291;;;
Consumer Issues;0;;OCOSO;;;Business Finance and Careers;;;Business and Finance;;;Business;;14;Consumer Issues;5;9;;
Recalls;0;;OCOSO;;;Business Finance and Careers;;;Business and Finance;;;Business;;;Consumer Issues;;9;Recalls;9
Executive Leadership & Management;0;;OCOSO;;;Business Finance and Careers;;;Business and Finance;;;Business;;28;Executive Leadership & Management;28;;;
Government Business;0;;OCOSO;;;Business Finance and Careers;;;Business and Finance;;;Business;;559;Government Business;559;;;
Green Solutions;0;;OCOSO;;;Business Finance and Careers;;;Business and Finance;;;Business;;65;Green Solutions;65;;;
Human Resources;0;;OCOSO;;;Business Finance and Careers;;;Business and Finance;;;Business;;321;Human Resources;321;;;
Large Business;0;;OCOSO;;;Business Finance and Careers;;;Business and Finance;;;Business;;2;Large Business;2;;;
Logistics;0;;OCOSO;;;Business Finance and Careers;;;Business and Finance;;;Business;;368;Logistics;368;;;
Marketing and Advertising;0;;OCOSO;;;Business Finance and Careers;;;Business and Finance;;;Business;;141;Marketing and Advertising;141;;;
Sales;0;;OCOSO;;;Business Finance and Careers;;;Business and Finance;;;Business;;69;Sales;69;;;
Small and Medium-sized Business;0;;OCOSO;;;Business Finance and Careers;;;Business and Finance;;;Business;;261;Small and Medium-sized Business;261;;;
Startups;0;;OCOSO;;;Business Finance and Careers;;;Business and Finance;;;Business;;264;Startups;264;;;
Economy;0;;OCOSO;;;Business Finance and Careers;;;Business and Finance;;2630;Economy;877;1753;;;;;
Commodities;0;;OCOSO;;;Business Finance and Careers;;;Business and Finance;;;Economy;;163;Commodities;163;;;
Currencies;0;;OCOSO;;;Business Finance and Careers;;;Business and Finance;;;Economy;;570;Currencies;570;;;
Financial Crisis;0;;OCOSO;;;Business Finance and Careers;;;Business and Finance;;;Economy;;117;Financial Crisis;117;;;
Financial Reform;0;;OCOSO;;;Business Finance and Careers;;;Business and Finance;;;Economy;;2;Financial Reform;2;;;
Financial Regulation;0;;OCOSO;;;Business Finance and Careers;;;Business and Finance;;;Economy;;183;Financial Regulation;183;;;
Gasoline Prices;0;;OCOSO;;;Business Finance and Careers;;;Business and Finance;;;Economy;;216;Gasoline Prices;216;;;
Housing Market;0;;OCOSO;;;Business Finance and Careers;;;Business and Finance;;;Economy;;93;Housing Market;93;;;
Interest Rates;0;;OCOSO;;;Business Finance and Careers;;;Business and Finance;;;Economy;;283;Interest Rates;283;;;
Job Market;0;;OCOSO;;;Business Finance and Careers;;;Business and Finance;;;Economy;;126;Job Market;126;;;
Industries;0;;OCOSO;;;Business Finance and Careers;;;Business and Finance;;12272;Industries;4091;8181;;;;;
Advertising Industry;0;;OCOSO;;;Business Finance and Careers;;;Business and Finance;;;Industries;;77;Advertising Industry;77;;;
Agriculture;0;;OCOSO;;;Business Finance and Careers;;;Business and Finance;;;Industries;;264;Agriculture;264;;;
Apparel Industry;0;;OCOSO;;;Business Finance and Careers;;;Business and Finance;;;Industries;;98;Apparel Industry;98;;;
Automotive Industry;0;;OCOSO;;;Business Finance and Careers;;;Business and Finance;;;Industries;;65;Automotive Industry;65;;;
Aviation Industry;0;;OCOSO;;;Business Finance and Careers;;;Business and Finance;;;Industries;;68;Aviation Industry;68;;;
Biotech and Biomedical Industry;0;;OCOSO;;;Business Finance and Careers;;;Business and Finance;;;Industries;;836;Biotech and Biomedical Industry;836;;;
Civil Engineering Industry;0;;OCOSO;;;Business Finance and Careers;;;Business and Finance;;;Industries;;32;Civil Engineering Industry;32;;;
Construction Industry;0;;OCOSO;;;Business Finance and Careers;;;Business and Finance;;;Industries;;213;Construction Industry;213;;;
Defense Industry;0;;OCOSO;;;Business Finance and Careers;;;Business and Finance;;;Industries;;592;Defense Industry;592;;;
Education industry;0;;OCOSO;;;Business Finance and Careers;;;Business and Finance;;;Industries;;162;Education industry;162;;;
Entertainment Industry;0;;OCOSO;;;Business Finance and Careers;;;Business and Finance;;;Industries;;205;Entertainment Industry;205;;;
Environmental Services Industry;0;;OCOSO;;;Business Finance and Careers;;;Business and Finance;;;Industries;;222;Environmental Services Industry;222;;;
Financial Industry;0;;OCOSO;;;Business Finance and Careers;;;Business and Finance;;;Industries;;664;Financial Industry;664;;;
Food Industry;0;;OCOSO;;;Business Finance and Careers;;;Business and Finance;;;Industries;;607;Food Industry;607;;;
Healthcare Industry;0;;OCOSO;;;Business Finance and Careers;;;Business and Finance;;;Industries;;127;Healthcare Industry;127;;;
Hospitality Industry;0;;OCOSO;;;Business Finance and Careers;;;Business and Finance;;;Industries;;5;Hospitality Industry;5;;;
Information Services Industry;0;;OCOSO;;;Business Finance and Careers;;;Business and Finance;;;Industries;;172;Information Services Industry;172;;;
Legal Services Industry;0;;OCOSO;;;Business Finance and Careers;;;Business and Finance;;;Industries;;454;Legal Services Industry;454;;;
Logistics and Transportation Industry;0;;OCOSO;;;Business Finance and Careers;;;Business and Finance;;;Industries;;405;Logistics and Transportation Industry;405;;;
Management Consulting Industry;0;;OCOSO;;;Business Finance and Careers;;;Business and Finance;;;Industries;;512;Management Consulting Industry;512;;;
Manufacturing Industry;0;;OCOSO;;;Business Finance and Careers;;;Business and Finance;;;Industries;;58;Manufacturing Industry;58;;;
Mechanical and Industrial Engineering Industry;0;;OCOSO;;;Business Finance and Careers;;;Business and Finance;;;Industries;;2;Mechanical and Industrial Engineering Industry;2;;;
Media Industry;0;;OCOSO;;;Business Finance and Careers;;;Business and Finance;;;Industries;;9;Media Industry;9;;;
Metals Industry;0;;OCOSO;;;Business Finance and Careers;;;Business and Finance;;;Industries;;51;Metals Industry;51;;;
Non-Profit Organizations;0;;OCOSO;;;Business Finance and Careers;;;Business and Finance;;;Industries;;579;Non-Profit Organizations;579;;;
Pharmaceutical Industry;0;;OCOSO;;;Business Finance and Careers;;;Business and Finance;;;Industries;;298;Pharmaceutical Industry;298;;;
Power and Energy Industry;0;;OCOSO;;;Business Finance and Careers;;;Business and Finance;;;Industries;;435;Power and Energy Industry;435;;;
Publishing Industry;0;;OCOSO;;;Business Finance and Careers;;;Business and Finance;;;Industries;;234;Publishing Industry;234;;;
Real Estate Industry;0;;OCOSO;;;Business Finance and Careers;;;Business and Finance;;;Industries;;117;Real Estate Industry;117;;;
Retail Industry;0;;OCOSO;;;Business Finance and Careers;;;Business and Finance;;;Industries;;219;Retail Industry;219;;;
Technology Industry;0;;OCOSO;;;Business Finance and Careers;;;Business and Finance;;;Industries;;313;Technology Industry;313;;;
Telecommunications Industry;0;;OCOSO;;;Business Finance and Careers;;;Business and Finance;;;Industries;;86;Telecommunications Industry;86;;;
Careers;0;;OCOSO;;;Business Finance and Careers;;6633;Careers;2211;4422;;;;;;;;
Apprenticeships;0;;OCOSO;;;Business Finance and Careers;;;Careers;;573;Apprenticeships;573;;;;;;
Career Advice;0;;OCOSO;;;Business Finance and Careers;;;Careers;;553;Career Advice;553;;;;;;
Career Planning;0;;OCOSO;;;Business Finance and Careers;;;Careers;;800;Career Planning;800;;;;;;
Job Search;0;;OCOSO;;;Business Finance and Careers;;;Careers;;848;Job Search;283;565;;;;;
Job Fairs;0;;OCOSO;;;Business Finance and Careers;;;Careers;;;Job Search;;13;Job Fairs;13;;;
Resume Writing and Advice;0;;OCOSO;;;Business Finance and Careers;;;Careers;;;Job Search;;552;Resume Writing and Advice;552;;;
Remote Working;0;;OCOSO;;;Business Finance and Careers;;;Careers;;740;Remote Working;740;;;;;;
Vocational Training;0;;OCOSO;;;Business Finance and Careers;;;Careers;;908;Vocational Training;908;;;;;;
Personal Finance;0;;OCOSO;;;Business Finance and Careers;;11882;Personal Finance;3961;7921;;;;;;;;
Consumer Banking;0;;OCOSO;;;Business Finance and Careers;;;Personal Finance;;199;Consumer Banking;199;;;;;;
Financial Assistance;0;;OCOSO;;;Business Finance and Careers;;;Personal Finance;;683;Financial Assistance;228;455;;;;;
Government Support and Welfare;0;;OCOSO;;;Business Finance and Careers;;;Personal Finance;;;Financial Assistance;;33;Government Support and Welfare;33;;;
Student Financial Aid;0;;OCOSO;;;Business Finance and Careers;;;Personal Finance;;;Financial Assistance;;422;Student Financial Aid;422;;;
Financial Planning;0;;OCOSO;;;Business Finance and Careers;;;Personal Finance;;466;Financial Planning;466;;;;;;
Frugal Living;0;;OCOSO;;;Business Finance and Careers;;;Personal Finance;;795;Frugal Living;795;;;;;;
Home Utilities;0;;OCOSO;;;Business Finance and Careers;;;Personal Finance;;861;Home Utilities;287;574;;;;;
Gas and Electric;0;;OCOSO;;;Business Finance and Careers;;;Personal Finance;;;Home Utilities;;221;Gas and Electric;221;;;
Internet Service Providers;0;;OCOSO;;;Business Finance and Careers;;;Personal Finance;;;Home Utilities;;33;Internet Service Providers;33;;;
Phone Services;0;;OCOSO;;;Business Finance and Careers;;;Personal Finance;;;Home Utilities;;238;Phone Services;238;;;
Water Services;0;;OCOSO;;;Business Finance and Careers;;;Personal Finance;;;Home Utilities;;82;Water Services;82;;;
Insurance;0;;OCOSO;;;Business Finance and Careers;;;Personal Finance;;1139;Insurance;380;759;;;;;
Health Insurance;0;;OCOSO;;;Business Finance and Careers;;;Personal Finance;;;Insurance;;59;Health Insurance;59;;;
Home Insurance;0;;OCOSO;;;Business Finance and Careers;;;Personal Finance;;;Insurance;;114;Home Insurance;114;;;
Life Insurance;0;;OCOSO;;;Business Finance and Careers;;;Personal Finance;;;Insurance;;359;Life Insurance;359;;;
Motor Insurance;0;;OCOSO;;;Business Finance and Careers;;;Personal Finance;;;Insurance;;192;Motor Insurance;192;;;
Pet Insurance;0;;OCOSO;;;Business Finance and Careers;;;Personal Finance;;;Insurance;;16;Pet Insurance;16;;;
Travel Insurance;0;;OCOSO;;;Business Finance and Careers;;;Personal Finance;;;Insurance;;19;Travel Insurance;19;;;
Personal Debt;0;;OCOSO;;;Business Finance and Careers;;;Personal Finance;;1083;Personal Debt;361;722;;;;;
Credit Cards;0;;OCOSO;;;Business Finance and Careers;;;Personal Finance;;;Personal Debt;;0;Credit Cards;0;;;
Home Financing;0;;OCOSO;;;Business Finance and Careers;;;Personal Finance;;;Personal Debt;;163;Home Financing;163;;;
Personal Loans;0;;OCOSO;;;Business Finance and Careers;;;Personal Finance;;;Personal Debt;;78;Personal Loans;78;;;
Student Loans;0;;OCOSO;;;Business Finance and Careers;;;Personal Finance;;;Personal Debt;;481;Student Loans;481;;;
Personal Investing;0;;OCOSO;;;Business Finance and Careers;;;Personal Finance;;1022;Personal Investing;341;681;;;;;
Hedge Funds;0;;OCOSO;;;Business Finance and Careers;;;Personal Finance;;;Personal Investing;;266;Hedge Funds;266;;;
Mutual Funds;0;;OCOSO;;;Business Finance and Careers;;;Personal Finance;;;Personal Investing;;29;Mutual Funds;29;;;
Options;0;;OCOSO;;;Business Finance and Careers;;;Personal Finance;;;Personal Investing;;295;Options;295;;;
Stocks and Bonds;0;;OCOSO;;;Business Finance and Careers;;;Personal Finance;;;Personal Investing;;91;Stocks and Bonds;91;;;
Personal Taxes;0;;OCOSO;;;Business Finance and Careers;;;Personal Finance;;943;Personal Taxes;943;;;;;;
Retirement Planning;0;;OCOSO;;;Business Finance and Careers;;;Personal Finance;;730;Retirement Planning;730;;;;;;
Productivity;0;;OCOSO;;;Business Finance and Careers;;27738;Productivity;27738;;;;;;;;;
Real Estate;0;;OCOSO;;;Business Finance and Careers;;7965;Real Estate;2655;5310;;;;;;;;
Apartments;0;;OCOSO;;;Business Finance and Careers;;;Real Estate;;919;Apartments;919;;;;;;
Developmental Sites;0;;OCOSO;;;Business Finance and Careers;;;Real Estate;;703;Developmental Sites;703;;;;;;
Hotel Properties;0;;OCOSO;;;Business Finance and Careers;;;Real Estate;;392;Hotel Properties;392;;;;;;
Houses;0;;OCOSO;;;Business Finance and Careers;;;Real Estate;;291;Houses;291;;;;;;
Industrial Property;0;;OCOSO;;;Business Finance and Careers;;;Real Estate;;922;Industrial Property;922;;;;;;
Land and Farms;0;;OCOSO;;;Business Finance and Careers;;;Real Estate;;403;Land and Farms;403;;;;;;
Office Property;0;;OCOSO;;;Business Finance and Careers;;;Real Estate;;385;Office Property;385;;;;;;
Real Estate Buying and Selling;0;;OCOSO;;;Business Finance and Careers;;;Real Estate;;206;Real Estate Buying and Selling;206;;;;;;
Real Estate Renting and Leasing;0;;OCOSO;;;Business Finance and Careers;;;Real Estate;;159;Real Estate Renting and Leasing;159;;;;;;
Retail Property;0;;OCOSO;;;Business Finance and Careers;;;Real Estate;;856;Retail Property;856;;;;;;
Vacation Properties;0;;OCOSO;;;Business Finance and Careers;;;Real Estate;;74;Vacation Properties;74;;;;;;
Lifestyle, Entertainment and Arts;0;;OCOSO;;190074;Lifestyle, Entertainment and Arts;63358;126716;;;;;;;;;;;
Books and Literature;0;;OCOSO;;;Lifestyle, Entertainment and Arts;;3800;Books and Literature;1267;2533;;;;;;;;
Art and Photography;0;;OCOSO;;;Lifestyle, Entertainment and Arts;;;Books and Literature;;872;Art and Photography;872;;;;;;
Comics and Graphic Novels;0;;OCOSO;;;Lifestyle, Entertainment and Arts;;;Books and Literature;;623;Comics and Graphic Novels;623;;;;;;
Fiction;0;;OCOSO;;;Lifestyle, Entertainment and Arts;;;Books and Literature;;757;Fiction;757;;;;;;
Poetry;0;;OCOSO;;;Lifestyle, Entertainment and Arts;;;Books and Literature;;281;Poetry;281;;;;;;
Entertainment;0;;OCOSO;;;Lifestyle, Entertainment and Arts;;1184;Entertainment;395;789;;;;;;;;
Movies;0;;OCOSO;;;Lifestyle, Entertainment and Arts;;;Entertainment;;279;Movies;279;;;;;;
Music;0;;OCOSO;;;Lifestyle, Entertainment and Arts;;;Entertainment;;352;Music;352;;;;;;
Television;0;;OCOSO;;;Lifestyle, Entertainment and Arts;;;Entertainment;;158;Television;158;;;;;;
Events;0;;OCOSO;;;Lifestyle, Entertainment and Arts;;2480;Events;827;1653;;;;;;;;
Awards Shows;0;;OCOSO;;;Lifestyle, Entertainment and Arts;;;Events;;126;Awards Shows;126;;;;;;
Business Expos & Conferences;0;;OCOSO;;;Lifestyle, Entertainment and Arts;;;Events;;535;Business Expos & Conferences;535;;;;;;
Fan Conventions;0;;OCOSO;;;Lifestyle, Entertainment and Arts;;;Events;;992;Fan Conventions;992;;;;;;
Fine Art;0;;OCOSO;;;Lifestyle, Entertainment and Arts;;5640;Fine Art;1880;3760;;;;;;;;
Costume;0;;OCOSO;;;Lifestyle, Entertainment and Arts;;;Fine Art;;566;Costume;566;;;;;;
Dance;0;;OCOSO;;;Lifestyle, Entertainment and Arts;;;Fine Art;;772;Dance;772;;;;;;
Design;0;;OCOSO;;;Lifestyle, Entertainment and Arts;;;Fine Art;;604;Design;604;;;;;;
Digital Arts;0;;OCOSO;;;Lifestyle, Entertainment and Arts;;;Fine Art;;444;Digital Arts;444;;;;;;
Fine Art Photography;0;;OCOSO;;;Lifestyle, Entertainment and Arts;;;Fine Art;;186;Fine Art Photography;186;;;;;;
Modern Art;0;;OCOSO;;;Lifestyle, Entertainment and Arts;;;Fine Art;;117;Modern Art;117;;;;;;
Opera;0;;OCOSO;;;Lifestyle, Entertainment and Arts;;;Fine Art;;364;Opera;364;;;;;;
Theater;0;;OCOSO;;;Lifestyle, Entertainment and Arts;;;Fine Art;;707;Theater;707;;;;;;
Genres;0;;OCOSO;;;Lifestyle, Entertainment and Arts;;19647;Genres;6549;13098;;;;;;;;
;0;;OCOSO;;;Lifestyle, Entertainment and Arts;;;Genres;;481;Nature;481;;;;;;
Action/Adventure;0;;OCOSO;;;Lifestyle, Entertainment and Arts;;;Genres;;661;Action/Adventure;661;;;;;;
Animation & Anime;0;;OCOSO;;;Lifestyle, Entertainment and Arts;;;Genres;;921;Animation & Anime;921;;;;;;
Biographies;0;;OCOSO;;;Lifestyle, Entertainment and Arts;;;Genres;;785;Biographies;785;;;;;;
Comedy;0;;OCOSO;;;Lifestyle, Entertainment and Arts;;;Genres;;279;Comedy;279;;;;;;
Documentary;0;;OCOSO;;;Lifestyle, Entertainment and Arts;;;Genres;;166;Documentary;166;;;;;;
Drama;0;;OCOSO;;;Lifestyle, Entertainment and Arts;;;Genres;;363;Drama;363;;;;;;
Factual;0;;OCOSO;;;Lifestyle, Entertainment and Arts;;;Genres;;143;Factual;143;;;;;;
Family/Children;0;;OCOSO;;;Lifestyle, Entertainment and Arts;;;Genres;;101;Family/Children;101;;;;;;
Fantasy;0;;OCOSO;;;Lifestyle, Entertainment and Arts;;;Genres;;491;Fantasy;491;;;;;;
History;0;;OCOSO;;;Lifestyle, Entertainment and Arts;;;Genres;;15;History;15;;;;;;
Holiday;0;;OCOSO;;;Lifestyle, Entertainment and Arts;;;Genres;;277;Holiday;277;;;;;;
Horror;0;;OCOSO;;;Lifestyle, Entertainment and Arts;;;Genres;;240;Horror;240;;;;;;
Lifestyle;0;;OCOSO;;;Lifestyle, Entertainment and Arts;;;Genres;;842;Lifestyle;842;;;;;;
Music Video;0;;OCOSO;;;Lifestyle, Entertainment and Arts;;;Genres;;989;Music Video;989;;;;;;
Musicals;0;;OCOSO;;;Lifestyle, Entertainment and Arts;;;Genres;;193;Musical;193;;;;;;
Mystery;0;;OCOSO;;;Lifestyle, Entertainment and Arts;;;Genres;;757;Mystery;757;;;;;;
Reality TV;0;;OCOSO;;;Lifestyle, Entertainment and Arts;;;Genres;;709;Reality TV;709;;;;;;
Romance;0;;OCOSO;;;Lifestyle, Entertainment and Arts;;;Genres;;125;Romance;125;;;;;;
Science Fiction;0;;OCOSO;;;Lifestyle, Entertainment and Arts;;;Genres;;274;Science Fiction;274;;;;;;
Soap Opera;0;;OCOSO;;;Lifestyle, Entertainment and Arts;;;Genres;;77;Soap Opera;77;;;;;;
Special Interest (Indie/Art House);0;;OCOSO;;;Lifestyle, Entertainment and Arts;;;Genres;;473;Special Interest (Indie/Art House);473;;;;;;
Sports Radio;0;;OCOSO;;;Lifestyle, Entertainment and Arts;;;Genres;;964;Sports Radio;964;;;;;;
Talk Radio;0;;OCOSO;;;Lifestyle, Entertainment and Arts;;;Genres;;126;Talk Radio;42;84;;;;;
Public Radio;0;;OCOSO;;;Lifestyle, Entertainment and Arts;;;Genres;;;Talk Radio;;84;Public Radio;84;;;
Talk Show;0;;OCOSO;;;Lifestyle, Entertainment and Arts;;;Genres;;275;Talk Show;275;;;;;;
True Crime;0;;OCOSO;;;Lifestyle, Entertainment and Arts;;;Genres;;918;True Crime;918;;;;;;
Western;0;;OCOSO;;;Lifestyle, Entertainment and Arts;;;Genres;;510;Western;510;;;;;;
Young Adult;0;;OCOSO;;;Lifestyle, Entertainment and Arts;;;Genres;;943;Young Adult;943;;;;;;
Hobbies & Interests;0;;OCOSO;;;Lifestyle, Entertainment and Arts;;17873;Hobbies & Interests;5958;11915;;;;;;;;
Antiquing and Antiques;0;;OCOSO;;;Lifestyle, Entertainment and Arts;;;Hobbies & Interests;;809;Antiquing and Antiques;809;;;;;;
Arts and Crafts;0;;OCOSO;;;Lifestyle, Entertainment and Arts;;;Hobbies & Interests;;3726;Arts and Crafts;1242;2484;;;;;
Beadwork;0;;OCOSO;;;Lifestyle, Entertainment and Arts;;;Hobbies & Interests;;;Arts and Crafts;;7;Beadwork;7;;;
Candle and Soap Making;0;;OCOSO;;;Lifestyle, Entertainment and Arts;;;Hobbies & Interests;;;Arts and Crafts;;316;Candle and Soap Making;316;;;
Drawing and Sketching;0;;OCOSO;;;Lifestyle, Entertainment and Arts;;;Hobbies & Interests;;;Arts and Crafts;;659;Drawing and Sketching;659;;;
Jewelry Making;0;;OCOSO;;;Lifestyle, Entertainment and Arts;;;Hobbies & Interests;;;Arts and Crafts;;471;Jewelry Making;471;;;
Needlework;0;;OCOSO;;;Lifestyle, Entertainment and Arts;;;Hobbies & Interests;;;Arts and Crafts;;292;Needlework;292;;;
Painting;0;;OCOSO;;;Lifestyle, Entertainment and Arts;;;Hobbies & Interests;;;Arts and Crafts;;381;Painting;381;;;
Photography;0;;OCOSO;;;Lifestyle, Entertainment and Arts;;;Hobbies & Interests;;;Arts and Crafts;;80;Photography;80;;;
Scrapbooking;0;;OCOSO;;;Lifestyle, Entertainment and Arts;;;Hobbies & Interests;;;Arts and Crafts;;238;Scrapbooking;238;;;
Woodworking;0;;OCOSO;;;Lifestyle, Entertainment and Arts;;;Hobbies & Interests;;;Arts and Crafts;;40;Woodworking;40;;;
Beekeeping;0;;OCOSO;;;Lifestyle, Entertainment and Arts;;;Hobbies & Interests;;544;Beekeeping;544;;;;;;
Birdwatching;0;;OCOSO;;;Lifestyle, Entertainment and Arts;;;Hobbies & Interests;;109;Birdwatching;109;;;;;;
Cigars;0;;OCOSO;;;Lifestyle, Entertainment and Arts;;;Hobbies & Interests;;834;Cigars;834;;;;;;
Collecting;0;;OCOSO;;;Lifestyle, Entertainment and Arts;;;Hobbies & Interests;;881;Collecting;294;587;;;;;
Comic Books;0;;OCOSO;;;Lifestyle, Entertainment and Arts;;;Hobbies & Interests;;;Collecting;;482;Comic Books;482;;;
Stamps and Coins;0;;OCOSO;;;Lifestyle, Entertainment and Arts;;;Hobbies & Interests;;;Collecting;;105;Stamps and Coins;105;;;
Content Production;0;;OCOSO;;;Lifestyle, Entertainment and Arts;;;Hobbies & Interests;;1667;Content Production;556;1111;;;;;
Audio Production;0;;OCOSO;;;Lifestyle, Entertainment and Arts;;;Hobbies & Interests;;;Content Production;;127;Audio Production;127;;;
Freelance Writing;0;;OCOSO;;;Lifestyle, Entertainment and Arts;;;Hobbies & Interests;;;Content Production;;263;Freelance Writing;263;;;
Screenwriting;0;;OCOSO;;;Lifestyle, Entertainment and Arts;;;Hobbies & Interests;;;Content Production;;670;Screenwriting;670;;;
Video Production;0;;OCOSO;;;Lifestyle, Entertainment and Arts;;;Hobbies & Interests;;;Content Production;;51;Video Production;51;;;
Games and Puzzles;0;;OCOSO;;;Lifestyle, Entertainment and Arts;;;Hobbies & Interests;;717;Games and Puzzles;239;478;;;;;
Board Games and Puzzles;0;;OCOSO;;;Lifestyle, Entertainment and Arts;;;Hobbies & Interests;;;Games and Puzzles;;10;Board Games and Puzzles;10;;;
Card Games;0;;OCOSO;;;Lifestyle, Entertainment and Arts;;;Hobbies & Interests;;;Games and Puzzles;;112;Card Games;112;;;
Roleplaying Games;0;;OCOSO;;;Lifestyle, Entertainment and Arts;;;Hobbies & Interests;;;Games and Puzzles;;356;Roleplaying Games;356;;;
Genealogy and Ancestry;0;;OCOSO;;;Lifestyle, Entertainment and Arts;;;Hobbies & Interests;;610;Genealogy and Ancestry;610;;;;;;
Magic and Illusion;0;;OCOSO;;;Lifestyle, Entertainment and Arts;;;Hobbies & Interests;;44;Magic and Illusion;44;;;;;;
Model Toys;0;;OCOSO;;;Lifestyle, Entertainment and Arts;;;Hobbies & Interests;;110;Model Toys;110;;;;;;
Musical Instruments;0;;OCOSO;;;Lifestyle, Entertainment and Arts;;;Hobbies & Interests;;410;Musical Instruments;410;;;;;;
Paranormal Phenomena;0;;OCOSO;;;Lifestyle, Entertainment and Arts;;;Hobbies & Interests;;405;Paranormal Phenomena;405;;;;;;
Radio Control;0;;OCOSO;;;Lifestyle, Entertainment and Arts;;;Hobbies & Interests;;676;Radio Control;676;;;;;;
Sci-fi and Fantasy;0;;OCOSO;;;Lifestyle, Entertainment and Arts;;;Hobbies & Interests;;360;Sci-fi and Fantasy;360;;;;;;
Workshops and Classes;0;;OCOSO;;;Lifestyle, Entertainment and Arts;;;Hobbies & Interests;;13;Workshops and Classes;13;;;;;;
Music;0;;OCOSO;;;Lifestyle, Entertainment and Arts;;20069;Music;6690;13379;;;;;;;;
Adult Album Alternative;0;;OCOSO;;;Lifestyle, Entertainment and Arts;;;Music;;183;Adult Album Alternative;183;;;;;;
Adult Contemporary Music;0;;OCOSO;;;Lifestyle, Entertainment and Arts;;;Music;;354;Adult Contemporary Music;118;236;;;;;
Soft AC Music;0;;OCOSO;;;Lifestyle, Entertainment and Arts;;;Music;;;Adult Contemporary Music;;140;Soft AC Music;140;;;
Urban AC Music;0;;OCOSO;;;Lifestyle, Entertainment and Arts;;;Music;;;Adult Contemporary Music;;96;Urban AC Music;96;;;
Alternative Music;0;;OCOSO;;;Lifestyle, Entertainment and Arts;;;Music;;990;Alternative Music;990;;;;;;
Blues;0;;OCOSO;;;Lifestyle, Entertainment and Arts;;;Music;;831;Blues;831;;;;;;
Children's Music;0;;OCOSO;;;Lifestyle, Entertainment and Arts;;;Music;;713;Children's Music;713;;;;;;
Classic Hits;0;;OCOSO;;;Lifestyle, Entertainment and Arts;;;Music;;665;Classic Hits;665;;;;;;
Classical Music;0;;OCOSO;;;Lifestyle, Entertainment and Arts;;;Music;;610;Classical Music;610;;;;;;
College Radio;0;;OCOSO;;;Lifestyle, Entertainment and Arts;;;Music;;732;College Radio;732;;;;;;
Comedy (Music and Audio);0;;OCOSO;;;Lifestyle, Entertainment and Arts;;;Music;;817;Comedy (Music and Audio);817;;;;;;
Contemporary Hits/Pop/Top 40;0;;OCOSO;;;Lifestyle, Entertainment and Arts;;;Music;;413;Contemporary Hits/Pop/Top 40;413;;;;;;
Country Music;0;;OCOSO;;;Lifestyle, Entertainment and Arts;;;Music;;707;Country Music;707;;;;;;
Dance and Electronic Music;0;;OCOSO;;;Lifestyle, Entertainment and Arts;;;Music;;684;Dance and Electronic Music;684;;;;;;
Gospel Music;0;;OCOSO;;;Lifestyle, Entertainment and Arts;;;Music;;428;Gospel Music;428;;;;;;
Hip Hop Music;0;;OCOSO;;;Lifestyle, Entertainment and Arts;;;Music;;28;Hip Hop Music;28;;;;;;
Inspirational/New Age Music;0;;OCOSO;;;Lifestyle, Entertainment and Arts;;;Music;;408;Inspirational/New Age Music;408;;;;;;
Jazz;0;;OCOSO;;;Lifestyle, Entertainment and Arts;;;Music;;383;Jazz;383;;;;;;
Oldies/Adult Standards;0;;OCOSO;;;Lifestyle, Entertainment and Arts;;;Music;;37;Oldies/Adult Standards;37;;;;;;
R&B/Soul/Funk;0;;OCOSO;;;Lifestyle, Entertainment and Arts;;;Music;;449;R&B/Soul/Funk;449;;;;;;
Reggae;0;;OCOSO;;;Lifestyle, Entertainment and Arts;;;Music;;223;Reggae;223;;;;;;
Religious (Music and Audio);0;;OCOSO;;;Lifestyle, Entertainment and Arts;;;Music;;646;Religious (Music and Audio);646;;;;;;
Rock Music;0;;OCOSO;;;Lifestyle, Entertainment and Arts;;;Music;;1559;Rock Music;520;1039;;;;;
Album-oriented Rock;0;;OCOSO;;;Lifestyle, Entertainment and Arts;;;Music;;;Rock Music;;140;Album-oriented Rock;140;;;
Alternative Rock;0;;OCOSO;;;Lifestyle, Entertainment and Arts;;;Music;;;Rock Music;;614;Alternative Rock;614;;;
Classic Rock;0;;OCOSO;;;Lifestyle, Entertainment and Arts;;;Music;;;Rock Music;;26;Classic Rock;26;;;
Hard Rock;0;;OCOSO;;;Lifestyle, Entertainment and Arts;;;Music;;;Rock Music;;257;Hard Rock;257;;;
Soft Rock;0;;OCOSO;;;Lifestyle, Entertainment and Arts;;;Music;;;Rock Music;;2;Soft Rock;2;;;
Songwriters/Folk;0;;OCOSO;;;Lifestyle, Entertainment and Arts;;;Music;;299;Songwriters/Folk;299;;;;;;
Soundtracks, TV and Showtunes;0;;OCOSO;;;Lifestyle, Entertainment and Arts;;;Music;;32;Soundtracks, TV and Showtunes;32;;;;;;
World/International Music;0;;OCOSO;;;Lifestyle, Entertainment and Arts;;;Music;;461;World/International Music;461;;;;;;
Urban Contemporary Music;0;;OCOSO;;;Lifestyle, Entertainment and Arts;;;Music;;192;Urban Contemporary Music;192;;;;;;
Variety (Music and Audio);0;;OCOSO;;;Lifestyle, Entertainment and Arts;;;Music;;535;Variety (Music and Audio);535;;;;;;
Pop Culture;0;;OCOSO;;;Lifestyle, Entertainment and Arts;;5414;Pop Culture;1805;3609;;;;;;;;
Celebrity Deaths;0;;OCOSO;;;Lifestyle, Entertainment and Arts;;;Pop Culture;;350;Celebrity Deaths;350;;;;;;
Celebrity Families;0;;OCOSO;;;Lifestyle, Entertainment and Arts;;;Pop Culture;;477;Celebrity Families;477;;;;;;
Celebrity Homes;0;;OCOSO;;;Lifestyle, Entertainment and Arts;;;Pop Culture;;236;Celebrity Homes;236;;;;;;
Celebrity Pregnancy;0;;OCOSO;;;Lifestyle, Entertainment and Arts;;;Pop Culture;;80;Celebrity Pregnancy;80;;;;;;
Celebrity Relationships;0;;OCOSO;;;Lifestyle, Entertainment and Arts;;;Pop Culture;;911;Celebrity Relationships;911;;;;;;
Celebrity Scandal;0;;OCOSO;;;Lifestyle, Entertainment and Arts;;;Pop Culture;;550;Celebrity Scandal;550;;;;;;
Celebrity Style;0;;OCOSO;;;Lifestyle, Entertainment and Arts;;;Pop Culture;;875;Celebrity Style;875;;;;;;
Humor and Satire;0;;OCOSO;;;Lifestyle, Entertainment and Arts;;;Pop Culture;;130;Humor and Satire;130;;;;;;
Home & Garden;0;;OCOSO;;;Lifestyle, Entertainment and Arts;;8766;Home & Garden;2922;5844;;;;;;;;
Gardening;0;;OCOSO;;;Lifestyle, Entertainment and Arts;;;Home & Garden;;419;Gardening;419;;;;;;
Home Appliances;0;;OCOSO;;;Lifestyle, Entertainment and Arts;;;Home & Garden;;941;Home Appliances;941;;;;;;
Home Entertaining;0;;OCOSO;;;Lifestyle, Entertainment and Arts;;;Home & Garden;;208;Home Entertaining;208;;;;;;
Home Improvement;0;;OCOSO;;;Lifestyle, Entertainment and Arts;;;Home & Garden;;165;Home Improvement;165;;;;;;
Home Security;0;;OCOSO;;;Lifestyle, Entertainment and Arts;;;Home & Garden;;702;Home Security;702;;;;;;
Indoor Environmental Quality;0;;OCOSO;;;Lifestyle, Entertainment and Arts;;;Home & Garden;;641;Indoor Environmental Quality;641;;;;;;
Interior Decorating;0;;OCOSO;;;Lifestyle, Entertainment and Arts;;;Home & Garden;;32;Interior Decorating;32;;;;;;
Landscaping;0;;OCOSO;;;Lifestyle, Entertainment and Arts;;;Home & Garden;;855;Landscaping;855;;;;;;
Outdoor Decorating;0;;OCOSO;;;Lifestyle, Entertainment and Arts;;;Home & Garden;;598;Outdoor Decorating;598;;;;;;
Remodeling & Construction;0;;OCOSO;;;Lifestyle, Entertainment and Arts;;;Home & Garden;;923;Remodeling & Construction;923;;;;;;
Smart Home;0;;OCOSO;;;Lifestyle, Entertainment and Arts;;;Home & Garden;;360;Smart Home;360;;;;;;
Shopping;0;;OCOSO;;;Lifestyle, Entertainment and Arts;;9797;Shopping;3266;6531;;;;;;;;
Children's Games and Toys;0;;OCOSO;;;Lifestyle, Entertainment and Arts;;;Shopping;;740;Children's Games and Toys;740;;;;;;
Coupons and Discounts;0;;OCOSO;;;Lifestyle, Entertainment and Arts;;;Shopping;;603;Coupons and Discounts;603;;;;;;
Flower Shopping;0;;OCOSO;;;Lifestyle, Entertainment and Arts;;;Shopping;;741;Flower Shopping;741;;;;;;
Gifts and Greetings Cards;0;;OCOSO;;;Lifestyle, Entertainment and Arts;;;Shopping;;570;Gifts and Greetings Cards;570;;;;;;
Grocery Shopping;0;;OCOSO;;;Lifestyle, Entertainment and Arts;;;Shopping;;642;Grocery Shopping;642;;;;;;
Holiday Shopping;0;;OCOSO;;;Lifestyle, Entertainment and Arts;;;Shopping;;644;Holiday Shopping;644;;;;;;
Household Supplies;0;;OCOSO;;;Lifestyle, Entertainment and Arts;;;Shopping;;795;Household Supplies;795;;;;;;
Lotteries and Scratchcards;0;;OCOSO;;;Lifestyle, Entertainment and Arts;;;Shopping;;964;Lotteries and Scratchcards;964;;;;;;
Party Supplies and Decorations;0;;OCOSO;;;Lifestyle, Entertainment and Arts;;;Shopping;;341;Party Supplies and Decorations;341;;;;;;
Sales and Promotions;0;;OCOSO;;;Lifestyle, Entertainment and Arts;;;Shopping;;491;Sales and Promotions;491;;;;;;
Style & Fashion;0;;OCOSO;;;Lifestyle, Entertainment and Arts;;18861;Style & Fashion;6287;12574;;;;;;;;
Beauty;0;;OCOSO;;;Lifestyle, Entertainment and Arts;;;Style & Fashion;;1278;Beauty;426;852;;;;;
Hair Care;0;;OCOSO;;;Lifestyle, Entertainment and Arts;;;Style & Fashion;;;Beauty;;107;Hair Care;107;;;
Makeup and Accessories;0;;OCOSO;;;Lifestyle, Entertainment and Arts;;;Style & Fashion;;;Beauty;;61;Makeup and Accessories;61;;;
Nail Care;0;;OCOSO;;;Lifestyle, Entertainment and Arts;;;Style & Fashion;;;Beauty;;362;Nail Care;362;;;
Natural and Organic Beauty;0;;OCOSO;;;Lifestyle, Entertainment and Arts;;;Style & Fashion;;;Beauty;;19;Natural and Organic Beauty;19;;;
Perfume and Fragrance;0;;OCOSO;;;Lifestyle, Entertainment and Arts;;;Style & Fashion;;;Beauty;;40;Perfume and Fragrance;40;;;
Skin Care;0;;OCOSO;;;Lifestyle, Entertainment and Arts;;;Style & Fashion;;;Beauty;;263;Skin Care;263;;;
Body Art;0;;OCOSO;;;Lifestyle, Entertainment and Arts;;;Style & Fashion;;465;Body Art;465;;;;;;
Children's Clothing;0;;OCOSO;;;Lifestyle, Entertainment and Arts;;;Style & Fashion;;998;Children's Clothing;998;;;;;;
Designer Clothing;0;;OCOSO;;;Lifestyle, Entertainment and Arts;;;Style & Fashion;;387;Designer Clothing;387;;;;;;
Fashion Trends;0;;OCOSO;;;Lifestyle, Entertainment and Arts;;;Style & Fashion;;688;Fashion Trends;688;;;;;;
High Fashion;0;;OCOSO;;;Lifestyle, Entertainment and Arts;;;Style & Fashion;;768;High Fashion;768;;;;;;
Men's Fashion;0;;OCOSO;;;Lifestyle, Entertainment and Arts;;;Style & Fashion;;2339;Men's Fashion;780;1559;;;;;
Men's Accessories;0;;OCOSO;;;Lifestyle, Entertainment and Arts;;;Style & Fashion;;;Men's Fashion;;5;Men's Accessories;2;3;;
Men's Jewelry and Watches;0;;OCOSO;;;Lifestyle, Entertainment and Arts;;;Style & Fashion;;;Men's Fashion;;;Men's Accessories;;3;Men's Jewelry and Watches;3
Men's Clothing;0;;OCOSO;;;Lifestyle, Entertainment and Arts;;;Style & Fashion;;;Men's Fashion;;1434;Men's Clothing;478;956;;
Men's Business Wear;0;;OCOSO;;;Lifestyle, Entertainment and Arts;;;Style & Fashion;;;Men's Fashion;;;Men's Clothing;;90;Men's Business Wear;90
Men's Casual Wear;0;;OCOSO;;;Lifestyle, Entertainment and Arts;;;Style & Fashion;;;Men's Fashion;;;Men's Clothing;;360;Men's Casual Wear;360
Men's Formal Wear;0;;OCOSO;;;Lifestyle, Entertainment and Arts;;;Style & Fashion;;;Men's Fashion;;;Men's Clothing;;9;Men's Formal Wear;9
Men's Outerwear;0;;OCOSO;;;Lifestyle, Entertainment and Arts;;;Style & Fashion;;;Men's Fashion;;;Men's Clothing;;136;Men's Outerwear;136
Men's Sportswear;0;;OCOSO;;;Lifestyle, Entertainment and Arts;;;Style & Fashion;;;Men's Fashion;;;Men's Clothing;;25;Men's Sportswear;25
Men's Underwear and Sleepwear;0;;OCOSO;;;Lifestyle, Entertainment and Arts;;;Style & Fashion;;;Men's Fashion;;;Men's Clothing;;336;Men's Underwear and Sleepwear;336
Men's Shoes and Footwear;0;;OCOSO;;;Lifestyle, Entertainment and Arts;;;Style & Fashion;;;Men's Fashion;;120;Men's Shoes and Footwear;120;;;
Personal Care;0;;OCOSO;;;Lifestyle, Entertainment and Arts;;;Style & Fashion;;1842;Personal Care;614;1228;;;;;
Bath and Shower;0;;OCOSO;;;Lifestyle, Entertainment and Arts;;;Style & Fashion;;;Personal Care;;243;Bath and Shower;243;;;
Deodorant and Antiperspirant;0;;OCOSO;;;Lifestyle, Entertainment and Arts;;;Style & Fashion;;;Personal Care;;517;Deodorant and Antiperspirant;517;;;
Oral care;0;;OCOSO;;;Lifestyle, Entertainment and Arts;;;Style & Fashion;;;Personal Care;;445;Oral care;445;;;
Shaving;0;;OCOSO;;;Lifestyle, Entertainment and Arts;;;Style & Fashion;;;Personal Care;;23;Shaving;23;;;
Street Style;0;;OCOSO;;;Lifestyle, Entertainment and Arts;;;Style & Fashion;;713;Street Style;713;;;;;;
Women's Fashion;0;;OCOSO;;;Lifestyle, Entertainment and Arts;;;Style & Fashion;;3096;Women's Fashion;1032;2064;;;;;
Women's Accessories;0;;OCOSO;;;Lifestyle, Entertainment and Arts;;;Style & Fashion;;;Women's Fashion;;645;Women's Accessories;215;430;;
Women's Glasses;0;;OCOSO;;;Lifestyle, Entertainment and Arts;;;Style & Fashion;;;Women's Fashion;;;Women's Accessories;;52;Women's Glasses;52
Women's Handbags and Wallets;0;;OCOSO;;;Lifestyle, Entertainment and Arts;;;Style & Fashion;;;Women's Fashion;;;Women's Accessories;;275;Women's Handbags and Wallets;275
Women's Hats and Scarves;0;;OCOSO;;;Lifestyle, Entertainment and Arts;;;Style & Fashion;;;Women's Fashion;;;Women's Accessories;;100;Women's Hats and Scarves;100
Women's Jewelry and Watches;0;;OCOSO;;;Lifestyle, Entertainment and Arts;;;Style & Fashion;;;Women's Fashion;;;Women's Accessories;;3;Women's Jewelry and Watches;3
Women's Clothing;0;;OCOSO;;;Lifestyle, Entertainment and Arts;;;Style & Fashion;;;Women's Fashion;;1356;Women's Clothing;452;904;;
Women's Business Wear;0;;OCOSO;;;Lifestyle, Entertainment and Arts;;;Style & Fashion;;;Women's Fashion;;;Women's Clothing;;52;Women's Business Wear;52
Women's Casual Wear;0;;OCOSO;;;Lifestyle, Entertainment and Arts;;;Style & Fashion;;;Women's Fashion;;;Women's Clothing;;115;Women's Casual Wear;115
Women's Formal Wear;0;;OCOSO;;;Lifestyle, Entertainment and Arts;;;Style & Fashion;;;Women's Fashion;;;Women's Clothing;;403;Women's Formal Wear;403
Women's Intimates and Sleepwear;0;;OCOSO;;;Lifestyle, Entertainment and Arts;;;Style & Fashion;;;Women's Fashion;;;Women's Clothing;;210;Women's Intimates and Sleepwear;210
Women's Outerwear;0;;OCOSO;;;Lifestyle, Entertainment and Arts;;;Style & Fashion;;;Women's Fashion;;;Women's Clothing;;27;Women's Outerwear;27
Women's Sportswear;0;;OCOSO;;;Lifestyle, Entertainment and Arts;;;Style & Fashion;;;Women's Fashion;;;Women's Clothing;;97;Women's Sportswear;97
Women's Shoes and Footwear;0;;OCOSO;;;Lifestyle, Entertainment and Arts;;;Style & Fashion;;;Women's Fashion;;63;Women's Shoes and Footwear;63;;;
Video Gaming;0;;OCOSO;;;Lifestyle, Entertainment and Arts;;13185;Video Gaming;4395;8790;;;;;;;;
Console Games;0;;OCOSO;;;Lifestyle, Entertainment and Arts;;;Video Gaming;;212;Console Games;212;;;;;;
eSports;0;;OCOSO;;;Lifestyle, Entertainment and Arts;;;Video Gaming;;718;eSports;718;;;;;;
Mobile Games;0;;OCOSO;;;Lifestyle, Entertainment and Arts;;;Video Gaming;;315;Mobile Games;315;;;;;;
PC Games;0;;OCOSO;;;Lifestyle, Entertainment and Arts;;;Video Gaming;;669;PC Games;669;;;;;;
Video Game Genres;0;;OCOSO;;;Lifestyle, Entertainment and Arts;;;Video Gaming;;6876;Video Game Genres;2292;4584;;;;;
Action Video Games;0;;OCOSO;;;Lifestyle, Entertainment and Arts;;;Video Gaming;;;Video Game Genres;;416;Action Video Games;416;;;
Action-Adventure Video Games;0;;OCOSO;;;Lifestyle, Entertainment and Arts;;;Video Gaming;;;Video Game Genres;;28;Action-Adventure Video Games;28;;;
Adult Video Games;0;;OCOSO;;;Lifestyle, Entertainment and Arts;;;Video Gaming;;;Video Game Genres;;651;Adult Video Games;651;;;
Adventure Video Games;0;;OCOSO;;;Lifestyle, Entertainment and Arts;;;Video Gaming;;;Video Game Genres;;410;Adventure Video Games;410;;;
Casino and Gambling Video Games;0;;OCOSO;;;Lifestyle, Entertainment and Arts;;;Video Gaming;;;Video Game Genres;;610;Casino and Gambling Video Games;610;;;
Casual Games;0;;OCOSO;;;Lifestyle, Entertainment and Arts;;;Video Gaming;;;Video Game Genres;;249;Casual Games;249;;;
Educational Video Games;0;;OCOSO;;;Lifestyle, Entertainment and Arts;;;Video Gaming;;;Video Game Genres;;55;Educational Video Games;55;;;
Exercise and Fitness Video Games;0;;OCOSO;;;Lifestyle, Entertainment and Arts;;;Video Gaming;;;Video Game Genres;;547;Exercise and Fitness Video Games;547;;;
Family Video Games;0;;OCOSO;;;Lifestyle, Entertainment and Arts;;;Video Gaming;;;Video Game Genres;;191;Family Video Games;191;;;
Horror Video Games;0;;OCOSO;;;Lifestyle, Entertainment and Arts;;;Video Gaming;;;Video Game Genres;;143;Horror Video Games;143;;;
MMOs;0;;OCOSO;;;Lifestyle, Entertainment and Arts;;;Video Gaming;;;Video Game Genres;;37;MMOs;37;;;
Music and Party Video Games;0;;OCOSO;;;Lifestyle, Entertainment and Arts;;;Video Gaming;;;Video Game Genres;;51;Music and Party Video Games;51;;;
Puzzle Video Games;0;;OCOSO;;;Lifestyle, Entertainment and Arts;;;Video Gaming;;;Video Game Genres;;144;Puzzle Video Games;144;;;
Racing Video Games;0;;OCOSO;;;Lifestyle, Entertainment and Arts;;;Video Gaming;;;Video Game Genres;;572;Racing Video Games;572;;;
Role-Playing Video Games;0;;OCOSO;;;Lifestyle, Entertainment and Arts;;;Video Gaming;;;Video Game Genres;;37;Role-Playing Video Games;37;;;
Simulation Video Games;0;;OCOSO;;;Lifestyle, Entertainment and Arts;;;Video Gaming;;;Video Game Genres;;87;Simulation Video Games;87;;;
Sports Video Games;0;;OCOSO;;;Lifestyle, Entertainment and Arts;;;Video Gaming;;;Video Game Genres;;47;Sports Video Games;47;;;
Strategy Video Games;0;;OCOSO;;;Lifestyle, Entertainment and Arts;;;Video Gaming;;;Video Game Genres;;309;Strategy Video Games;309;;;
Family;0;;OCOSO;;28271;Family;9424;18847;;;;;;;;;;;
Family and Relationships;0;;OCOSO;;;Family;;7247;Family and Relationships;2416;4831;;;;;;;;
Bereavement;0;;OCOSO;;;Family;;;Family and Relationships;;364;Bereavement;364;;;;;;
Dating;0;;OCOSO;;;Family;;;Family and Relationships;;33;Dating;33;;;;;;
Divorce;0;;OCOSO;;;Family;;;Family and Relationships;;409;Divorce;409;;;;;;
Eldercare;0;;OCOSO;;;Family;;;Family and Relationships;;900;Eldercare;900;;;;;;
Marriage and Civil Unions;0;;OCOSO;;;Family;;;Family and Relationships;;517;Marriage and Civil Unions;517;;;;;;
Parenting;0;;OCOSO;;;Family;;;Family and Relationships;;2375;Parenting;792;1583;;;;;
Adoption and Fostering;0;;OCOSO;;;Family;;;Family and Relationships;;;Parenting;;23;Adoption and Fostering;23;;;
Daycare and Pre-School;0;;OCOSO;;;Family;;;Family and Relationships;;;Parenting;;292;Daycare and Pre-School;292;;;
Internet Safety;0;;OCOSO;;;Family;;;Family and Relationships;;;Parenting;;113;Internet Safety;113;;;
Parenting Babies and Toddlers;0;;OCOSO;;;Family;;;Family and Relationships;;;Parenting;;45;Parenting Babies and Toddlers;45;;;
Parenting Children Aged 4-11;0;;OCOSO;;;Family;;;Family and Relationships;;;Parenting;;695;Parenting Children Aged 4-11;695;;;
Parenting Teens;0;;OCOSO;;;Family;;;Family and Relationships;;;Parenting;;223;Parenting Teens;223;;;
Special Needs Kids;0;;OCOSO;;;Family;;;Family and Relationships;;;Parenting;;192;Special Needs Kids;192;;;
Single Life;0;;OCOSO;;;Family;;;Family and Relationships;;233;Single Life;233;;;;;;
Personal Celebrations & Life Events;0;;OCOSO;;;Family;;4833;Personal Celebrations & Life Events;1611;3222;;;;;;;;
Anniversary;0;;OCOSO;;;Family;;;Personal Celebrations & Life Events;;168;Anniversary;168;;;;;;
Baby Shower;0;;OCOSO;;;Family;;;Personal Celebrations & Life Events;;327;Baby Shower;327;;;;;;
Bachelor Party;0;;OCOSO;;;Family;;;Personal Celebrations & Life Events;;31;Bachelor Party;31;;;;;;
Bachelorette Party;0;;OCOSO;;;Family;;;Personal Celebrations & Life Events;;61;Bachelorette Party;61;;;;;;
Birth;0;;OCOSO;;;Family;;;Personal Celebrations & Life Events;;451;Birth;451;;;;;;
Birthday;0;;OCOSO;;;Family;;;Personal Celebrations & Life Events;;762;Birthday;762;;;;;;
Funeral;0;;OCOSO;;;Family;;;Personal Celebrations & Life Events;;294;Funeral;294;;;;;;
Graduation;0;;OCOSO;;;Family;;;Personal Celebrations & Life Events;;365;Graduation;365;;;;;;
Prom;0;;OCOSO;;;Family;;;Personal Celebrations & Life Events;;360;Prom;360;;;;;;
Wedding;0;;OCOSO;;;Family;;;Personal Celebrations & Life Events;;403;Wedding;403;;;;;;
Pets;0;;OCOSO;;;Family;;6767;Pets;2256;4511;;;;;;;;
Birds;0;;OCOSO;;;Family;;;Pets;;59;Birds;59;;;;;;
Cats;0;;OCOSO;;;Family;;;Pets;;36;Cats;36;;;;;;
Dogs;0;;OCOSO;;;Family;;;Pets;;443;Dogs;443;;;;;;
Fish and Aquariums;0;;OCOSO;;;Family;;;Pets;;816;Fish and Aquariums;816;;;;;;
Large Animals;0;;OCOSO;;;Family;;;Pets;;816;Large Animals;816;;;;;;
Pet Adoptions;0;;OCOSO;;;Family;;;Pets;;680;Pet Adoptions;680;;;;;;
Pet Supplies;0;;OCOSO;;;Family;;;Pets;;917;Pet Supplies;917;;;;;;
Reptiles;0;;OCOSO;;;Family;;;Pets;;214;Reptiles;214;;;;;;
Veterinary Medicine;0;;OCOSO;;;Family;;;Pets;;530;Veterinary Medicine;530;;;;;;
Society;0;;OCOSO;;1359585;Society;453195;906390;;;;;;;;;;;
Communication;0;;OCOSO;;;Society;;182813;Communication;182813;;;;;;;;;
Crime;0;;OCOSO;;;Society;;43261;Crime;43261;;;;;;;;;
Disasters;0;;OCOSO;;;Society;;562474;Disasters;562474;;;;;;;;;
Law;0;;OCOSO;;;Society;;102808;Law;102808;;;;;;;;;
Religion & Spirituality;0;;OCOSO;;;Society;;5768;Religion & Spirituality;1923;3845;;;;;;;;
Agnosticism;0;;OCOSO;;;Society;;;Religion & Spirituality;;54;Agnosticism;54;;;;;;
Astrology;0;;OCOSO;;;Society;;;Religion & Spirituality;;651;Astrology;651;;;;;;
Atheism;0;;OCOSO;;;Society;;;Religion & Spirituality;;514;Atheism;514;;;;;;
Buddhism;0;;OCOSO;;;Society;;;Religion & Spirituality;;44;Buddhism;44;;;;;;
Christianity;0;;OCOSO;;;Society;;;Religion & Spirituality;;406;Christianity;406;;;;;;
Hinduism;0;;OCOSO;;;Society;;;Religion & Spirituality;;639;Hinduism;639;;;;;;
Islam;0;;OCOSO;;;Society;;;Religion & Spirituality;;514;Islam;514;;;;;;
Judaism;0;;OCOSO;;;Society;;;Religion & Spirituality;;242;Judaism;242;;;;;;
Sikhism;0;;OCOSO;;;Society;;;Religion & Spirituality;;750;Sikhism;750;;;;;;
Spirituality;0;;OCOSO;;;Society;;;Religion & Spirituality;;31;Spirituality;31;;;;;;
Sensitive Topics;0;;OCOSO;;;Society;;9266;Sensitive Topics;3089;6177;;;;;;;;
Adult & Explicit Sexual Content;0;;OCOSO;;;Society;;;Sensitive Topics;;545;Adult & Explicit Sexual Content;545;;;;;;
Arms & Ammunition;0;;OCOSO;;;Society;;;Sensitive Topics;;170;Arms & Ammunition;170;;;;;;
Crime & Harmful Acts to Individuals, Society & Human Right Violations;0;;OCOSO;;;Society;;;Sensitive Topics;;795;Crime & Harmful Acts to Individuals, Society & Human Right Violations;795;;;;;;
Death, Injury, or Military Conflict;0;;OCOSO;;;Society;;;Sensitive Topics;;534;Death, Injury, or Military Conflict;534;;;;;;
Debated Sensitive Social Issues;0;;OCOSO;;;Society;;;Sensitive Topics;;978;Debated Sensitive Social Issues;978;;;;;;
Hate Speech and Acts of Aggression;0;;OCOSO;;;Society;;;Sensitive Topics;;706;Hate Speech and Acts of Aggression;706;;;;;;
Illegal Drugs, Tobacco, eCigarettes, Vaping, Alcohol;0;;OCOSO;;;Society;;;Sensitive Topics;;666;Illegal Drugs, Tobacco, eCigarettes, Vaping, Alcohol;666;;;;;;
Obscenity and Profanity;0;;OCOSO;;;Society;;;Sensitive Topics;;373;Obscenity and Profanity;373;;;;;;
Online Piracy;0;;OCOSO;;;Society;;;Sensitive Topics;;413;Online Piracy;413;;;;;;
Spam or Harmful Content;0;;OCOSO;;;Society;;;Sensitive Topics;;277;Spam or Harmful Content;277;;;;;;
Terrorism;0;;OCOSO;;;Society;;;Sensitive Topics;;720;Terrorism;720;;;;;;
Health and Wellness;0;;OCOSO;;110015;Health and Wellness;36672;73343;;;;;;;;;;;
Food & Drink;0;;OCOSO;;;Health and Wellness;;4215;Food & Drink;1405;2810;;;;;;;;
Alcoholic Beverages;0;;OCOSO;;;Health and Wellness;;;Food & Drink;;183;Alcoholic Beverages;183;;;;;;
Barbecues and Grilling;0;;OCOSO;;;Health and Wellness;;;Food & Drink;;46;Barbecues and Grilling;46;;;;;;
Cooking;0;;OCOSO;;;Health and Wellness;;;Food & Drink;;39;Cooking;39;;;;;;
Desserts and Baking;0;;OCOSO;;;Health and Wellness;;;Food & Drink;;182;Desserts and Baking;182;;;;;;
Dining Out;0;;OCOSO;;;Health and Wellness;;;Food & Drink;;83;Dining Out;83;;;;;;
Food Allergies;0;;OCOSO;;;Health and Wellness;;;Food & Drink;;164;Food Allergies;164;;;;;;
Food Movements;0;;OCOSO;;;Health and Wellness;;;Food & Drink;;500;Food Movements;500;;;;;;
Healthy Cooking and Eating;0;;OCOSO;;;Health and Wellness;;;Food & Drink;;524;Healthy Cooking and Eating;524;;;;;;
Non-Alcoholic Beverages;0;;OCOSO;;;Health and Wellness;;;Food & Drink;;262;Non-Alcoholic Beverages;262;;;;;;
Vegan Diets;0;;OCOSO;;;Health and Wellness;;;Food & Drink;;509;Vegan Diets;509;;;;;;
Vegetarian Diets;0;;OCOSO;;;Health and Wellness;;;Food & Drink;;7;Vegetarian Diets;7;;;;;;
World Cuisines;0;;OCOSO;;;Health and Wellness;;;Food & Drink;;311;World Cuisines;311;;;;;;
Healthy Living;0;;OCOSO;;;Health and Wellness;;3975;Healthy Living;1325;2650;;;;;;;;
Children's Health;0;;OCOSO;;;Health and Wellness;;;Healthy Living;;176;Children's Health;176;;;;;;
Fitness and Exercise;0;;OCOSO;;;Health and Wellness;;;Healthy Living;;398;Fitness and Exercise;133;265;;;;;
Participant Sports;0;;OCOSO;;;Health and Wellness;;;Healthy Living;;;Fitness and Exercise;;1;Participant Sports;1;;;
Running and Jogging;0;;OCOSO;;;Health and Wellness;;;Healthy Living;;;Fitness and Exercise;;264;Running and Jogging;264;;;
Men's Health;0;;OCOSO;;;Health and Wellness;;;Healthy Living;;342;Men's Health;342;;;;;;
Nutrition;0;;OCOSO;;;Health and Wellness;;;Healthy Living;;134;Nutrition;134;;;;;;
Senior Health;0;;OCOSO;;;Health and Wellness;;;Healthy Living;;543;Senior Health;543;;;;;;
Weight Loss;0;;OCOSO;;;Health and Wellness;;;Healthy Living;;7;Weight Loss;7;;;;;;
Wellness;0;;OCOSO;;;Health and Wellness;;;Healthy Living;;885;Wellness;295;590;;;;;
Alternative Medicine;0;;OCOSO;;;Health and Wellness;;;Healthy Living;;;Wellness;;390;Alternative Medicine;130;260;;
Herbs and Supplements;0;;OCOSO;;;Health and Wellness;;;Healthy Living;;;Wellness;;;Alternative Medicine;;59;Herbs and Supplements;59
Holistic Health;0;;OCOSO;;;Health and Wellness;;;Healthy Living;;;Wellness;;;Alternative Medicine;;201;Holistic Health;201
Physical Therapy;0;;OCOSO;;;Health and Wellness;;;Healthy Living;;;Wellness;;139;Physical Therapy;139;;;
Smoking Cessation;0;;OCOSO;;;Health and Wellness;;;Healthy Living;;;Wellness;;61;Smoking Cessation;61;;;
Women's Health;0;;OCOSO;;;Health and Wellness;;;Healthy Living;;165;Women's Health;165;;;;;;
Medical Health;0;;OCOSO;;;Health and Wellness;;19347;Medical Health;6449;12898;;;;;;;;
Cosmetic Medical Services;0;;OCOSO;;;Health and Wellness;;;Medical Health;;924;Cosmetic Medical Services;924;;;;;;
Diseases and Conditions;0;;OCOSO;;;Health and Wellness;;;Medical Health;;10257;Diseases and Conditions;3419;6838;;;;;
Allergies;0;;OCOSO;;;Health and Wellness;;;Medical Health;;;Diseases and Conditions;;928;Allergies;928;;;
Blood Disorders;0;;OCOSO;;;Health and Wellness;;;Medical Health;;;Diseases and Conditions;;269;Blood Disorders;269;;;
Bone and Joint Conditions;0;;OCOSO;;;Health and Wellness;;;Medical Health;;;Diseases and Conditions;;312;Bone and Joint Conditions;312;;;
Brain and Nervous System Disorders;0;;OCOSO;;;Health and Wellness;;;Medical Health;;;Diseases and Conditions;;144;Brain and Nervous System Disorders;144;;;
Cancer;0;;OCOSO;;;Health and Wellness;;;Medical Health;;;Diseases and Conditions;;82;Cancer;82;;;
Cold and Flu;0;;OCOSO;;;Health and Wellness;;;Medical Health;;;Diseases and Conditions;;5;Cold and Flu;5;;;
Dental Health;0;;OCOSO;;;Health and Wellness;;;Medical Health;;;Diseases and Conditions;;236;Dental Health;236;;;
Diabetes;0;;OCOSO;;;Health and Wellness;;;Medical Health;;;Diseases and Conditions;;887;Diabetes;887;;;
Digestive Disorders;0;;OCOSO;;;Health and Wellness;;;Medical Health;;;Diseases and Conditions;;9;Digestive Disorders;9;;;
Ear, Nose and Throat Conditions;0;;OCOSO;;;Health and Wellness;;;Medical Health;;;Diseases and Conditions;;3;Ear, Nose and Throat Conditions;3;;;
Endocrine and Metabolic Diseases;0;;OCOSO;;;Health and Wellness;;;Medical Health;;;Diseases and Conditions;;405;Endocrine and Metabolic Diseases;135;270;;
Hormonal Disorders;0;;OCOSO;;;Health and Wellness;;;Medical Health;;;Diseases and Conditions;;;Endocrine and Metabolic Diseases;;60;Hormonal Disorders;60
Menopause;0;;OCOSO;;;Health and Wellness;;;Medical Health;;;Diseases and Conditions;;;Endocrine and Metabolic Diseases;;195;Menopause;195
Thyroid Disorders;0;;OCOSO;;;Health and Wellness;;;Medical Health;;;Diseases and Conditions;;;Endocrine and Metabolic Diseases;;15;Thyroid Disorders;15
Eye and Vision Conditions;0;;OCOSO;;;Health and Wellness;;;Medical Health;;;Diseases and Conditions;;453;Eye and Vision Conditions;453;;;
Foot Health;0;;OCOSO;;;Health and Wellness;;;Medical Health;;;Diseases and Conditions;;560;Foot Health;560;;;
Heart and Cardiovascular Diseases;0;;OCOSO;;;Health and Wellness;;;Medical Health;;;Diseases and Conditions;;113;Heart and Cardiovascular Diseases;113;;;
Infectious Diseases;0;;OCOSO;;;Health and Wellness;;;Medical Health;;;Diseases and Conditions;;194;Infectious Diseases;194;;;
Injuries;0;;OCOSO;;;Health and Wellness;;;Medical Health;;;Diseases and Conditions;;64;Injuries;29;57;;
First Aid;0;;OCOSO;;;Health and Wellness;;;Medical Health;;;Diseases and Conditions;;;Injuries;;57;First Aid;57
Lung and Respiratory Health;0;;OCOSO;;;Health and Wellness;;;Medical Health;;;Diseases and Conditions;;405;Lung and Respiratory Health;405;;;
Mental Health;0;;OCOSO;;;Health and Wellness;;;Medical Health;;;Diseases and Conditions;;179;Mental Health;179;;;
Reproductive Health;0;;OCOSO;;;Health and Wellness;;;Medical Health;;;Diseases and Conditions;;674;Reproductive Health;225;449;;
Birth Control;0;;OCOSO;;;Health and Wellness;;;Medical Health;;;Diseases and Conditions;;;Reproductive Health;;182;Birth Control;182
Infertility;0;;OCOSO;;;Health and Wellness;;;Medical Health;;;Diseases and Conditions;;;Reproductive Health;;17;Infertility;17
Pregnancy;0;;OCOSO;;;Health and Wellness;;;Medical Health;;;Diseases and Conditions;;;Reproductive Health;;248;Pregnancy;248
Sexual Health;0;;OCOSO;;;Health and Wellness;;;Medical Health;;;Diseases and Conditions;;57;Sexual Health;57;0;;
Sexual Conditions;0;;OCOSO;;;Health and Wellness;;;Medical Health;;;Diseases and Conditions;;;Sexual Health;;2;Sexual Conditions;2
Skin and Dermatology;0;;OCOSO;;;Health and Wellness;;;Medical Health;;;Diseases and Conditions;;499;Skin and Dermatology;499;;;
Sleep Disorders;0;;OCOSO;;;Health and Wellness;;;Medical Health;;;Diseases and Conditions;;4;Sleep Disorders;4;;;
Substance Abuse;0;;OCOSO;;;Health and Wellness;;;Medical Health;;;Diseases and Conditions;;356;Substance Abuse;356;;;
Medical Tests;0;;OCOSO;;;Health and Wellness;;;Medical Health;;350;Medical Tests;350;;;;;;
Pharmaceutical Drugs;0;;OCOSO;;;Health and Wellness;;;Medical Health;;79;Pharmaceutical Drugs;79;;;;;;
Surgery;0;;OCOSO;;;Health and Wellness;;;Medical Health;;825;Surgery;825;;;;;;
Vaccines;0;;OCOSO;;;Health and Wellness;;;Medical Health;;463;Vaccines;463;;;;;;
Sports;0;;OCOSO;;;Health and Wellness;;45806;Sports;15269;30537;;;;;;;;
American Football;0;;OCOSO;;;Health and Wellness;;;Sports;;849;American Football;849;;;;;;
Australian Rules Football;0;;OCOSO;;;Health and Wellness;;;Sports;;416;Australian Rules Football;416;;;;;;
Auto Racing;0;;OCOSO;;;Health and Wellness;;;Sports;;209;Auto Racing;70;139;;;;;
Motorcycle Sports;0;;OCOSO;;;Health and Wellness;;;Sports;;;Auto Racing;;139;Motorcycle Sports;139;;;
Badminton;0;;OCOSO;;;Health and Wellness;;;Sports;;747;Badminton;747;;;;;;
Baseball;0;;OCOSO;;;Health and Wellness;;;Sports;;961;Baseball;961;;;;;;
Basketball;0;;OCOSO;;;Health and Wellness;;;Sports;;976;Basketball;976;;;;;;
Beach Volleyball;0;;OCOSO;;;Health and Wellness;;;Sports;;645;Beach Volleyball;645;;;;;;
Bodybuilding;0;;OCOSO;;;Health and Wellness;;;Sports;;408;Bodybuilding;408;;;;;;
Bowling;0;;OCOSO;;;Health and Wellness;;;Sports;;348;Bowling;348;;;;;;
Boxing;0;;OCOSO;;;Health and Wellness;;;Sports;;632;Boxing;632;;;;;;
Cheerleading;0;;OCOSO;;;Health and Wellness;;;Sports;;706;Cheerleading;706;;;;;;
College Sports;0;;OCOSO;;;Health and Wellness;;;Sports;;537;College Sports;179;358;;;;;
College Baseball;0;;OCOSO;;;Health and Wellness;;;Sports;;;College Sports;;96;College Baseball;96;;;
College Basketball;0;;OCOSO;;;Health and Wellness;;;Sports;;;College Sports;;113;College Basketball;113;;;
College Football;0;;OCOSO;;;Health and Wellness;;;Sports;;;College Sports;;149;College Football;149;;;
Cricket;0;;OCOSO;;;Health and Wellness;;;Sports;;494;Cricket;494;;;;;;
Cycling;0;;OCOSO;;;Health and Wellness;;;Sports;;709;Cycling;709;;;;;;
Darts;0;;OCOSO;;;Health and Wellness;;;Sports;;703;Darts;703;;;;;;
Disabled Sports;0;;OCOSO;;;Health and Wellness;;;Sports;;118;Disabled Sports;118;;;;;;
Diving;0;;OCOSO;;;Health and Wellness;;;Sports;;103;Diving;103;;;;;;
Equine Sports;0;;OCOSO;;;Health and Wellness;;;Sports;;12;Equine Sports;4;8;;;;;
Horse Racing;0;;OCOSO;;;Health and Wellness;;;Sports;;;Equine Sports;;8;Horse Racing;8;;;
Extreme Sports;0;;OCOSO;;;Health and Wellness;;;Sports;;2732;Extreme Sports;911;1821;;;;;
Canoeing and Kayaking;0;;OCOSO;;;Health and Wellness;;;Sports;;;Extreme Sports;;49;Canoeing and Kayaking;49;;;
Climbing;0;;OCOSO;;;Health and Wellness;;;Sports;;;Extreme Sports;;404;Climbing;404;;;
Paintball;0;;OCOSO;;;Health and Wellness;;;Sports;;;Extreme Sports;;323;Paintball;323;;;
Scuba Diving;0;;OCOSO;;;Health and Wellness;;;Sports;;;Extreme Sports;;102;Scuba Diving;102;;;
Skateboarding;0;;OCOSO;;;Health and Wellness;;;Sports;;;Extreme Sports;;321;Skateboarding;321;;;
Snowboarding;0;;OCOSO;;;Health and Wellness;;;Sports;;;Extreme Sports;;51;Snowboarding;51;;;
Surfing and Bodyboarding;0;;OCOSO;;;Health and Wellness;;;Sports;;;Extreme Sports;;10;Surfing and Bodyboarding;10;;;
Waterskiing and Wakeboarding;0;;OCOSO;;;Health and Wellness;;;Sports;;;Extreme Sports;;561;Waterskiing and Wakeboarding;561;;;
Fantasy Sports;0;;OCOSO;;;Health and Wellness;;;Sports;;933;Fantasy Sports;933;;;;;;
Field Hockey;0;;OCOSO;;;Health and Wellness;;;Sports;;448;Field Hockey;448;;;;;;
Figure Skating;0;;OCOSO;;;Health and Wellness;;;Sports;;855;Figure Skating;855;;;;;;
Fishing Sports;0;;OCOSO;;;Health and Wellness;;;Sports;;994;Fishing Sports;994;;;;;;
Golf;0;;OCOSO;;;Health and Wellness;;;Sports;;624;Golf;624;;;;;;
Gymnastics;0;;OCOSO;;;Health and Wellness;;;Sports;;468;Gymnastics;468;;;;;;
Hunting and Shooting;0;;OCOSO;;;Health and Wellness;;;Sports;;951;Hunting and Shooting;951;;;;;;
Ice Hockey;0;;OCOSO;;;Health and Wellness;;;Sports;;878;Ice Hockey;878;;;;;;
Inline Skating;0;;OCOSO;;;Health and Wellness;;;Sports;;590;Inline Skating;590;;;;;;
Lacrosse;0;;OCOSO;;;Health and Wellness;;;Sports;;502;Lacrosse;502;;;;;;
Martial Arts;0;;OCOSO;;;Health and Wellness;;;Sports;;437;Martial Arts;437;;;;;;
Olympic Sports;0;;OCOSO;;;Health and Wellness;;;Sports;;119;Olympic Sports;40;79;;;;;
Summer Olympic Sports;0;;OCOSO;;;Health and Wellness;;;Sports;;;Olympic Sports;;54;Summer Olympic Sports;54;;;
Winter Olympic Sports;0;;OCOSO;;;Health and Wellness;;;Sports;;;Olympic Sports;;25;Winter Olympic Sports;25;;;
Poker and Professional Gambling;0;;OCOSO;;;Health and Wellness;;;Sports;;284;Poker and Professional Gambling;284;;;;;;
Rodeo;0;;OCOSO;;;Health and Wellness;;;Sports;;463;Rodeo;463;;;;;;
Rowing;0;;OCOSO;;;Health and Wellness;;;Sports;;328;Rowing;328;;;;;;
Rugby;0;;OCOSO;;;Health and Wellness;;;Sports;;174;Rugby;58;116;;;;;
Rugby League;0;;OCOSO;;;Health and Wellness;;;Sports;;;Rugby;;64;Rugby League;64;;;
Rugby Union;0;;OCOSO;;;Health and Wellness;;;Sports;;;Rugby;;52;Rugby Union;52;;;
Sailing;0;;OCOSO;;;Health and Wellness;;;Sports;;324;Sailing;324;;;;;;
Skiing;0;;OCOSO;;;Health and Wellness;;;Sports;;305;Skiing;305;;;;;;
Snooker/Pool/Billiards;0;;OCOSO;;;Health and Wellness;;;Sports;;409;Snooker/Pool/Billiards;409;;;;;;
Soccer;0;;OCOSO;;;Health and Wellness;;;Sports;;490;Soccer;490;;;;;;
Softball;0;;OCOSO;;;Health and Wellness;;;Sports;;903;Softball;903;;;;;;
Sports Equipment;0;;OCOSO;;;Health and Wellness;;;Sports;;200;Sports Equipment;200;;;;;;
Squash;0;;OCOSO;;;Health and Wellness;;;Sports;;795;Squash;795;;;;;;
Swimming;0;;OCOSO;;;Health and Wellness;;;Sports;;505;Swimming;505;;;;;;
Table Tennis;0;;OCOSO;;;Health and Wellness;;;Sports;;926;Table Tennis;926;;;;;;
Tennis;0;;OCOSO;;;Health and Wellness;;;Sports;;906;Tennis;906;;;;;;
Track and Field;0;;OCOSO;;;Health and Wellness;;;Sports;;446;Track and Field;446;;;;;;
Volleyball;0;;OCOSO;;;Health and Wellness;;;Sports;;860;Volleyball;860;;;;;;
Walking;0;;OCOSO;;;Health and Wellness;;;Sports;;660;Walking;660;;;;;;
Water Polo;0;;OCOSO;;;Health and Wellness;;;Sports;;588;Water Polo;588;;;;;;
Weightlifting;0;;OCOSO;;;Health and Wellness;;;Sports;;806;Weightlifting;806;;;;;;
Wrestling;0;;OCOSO;;;Health and Wellness;;;Sports;;61;Wrestling;61;;;;;;
Science, Technology and Education;0;;OCOSO;;48683;Science, Technology and Education;16228;32455;;;;;;;;;;;
Education;0;;OCOSO;;;Science, Technology and Education;;7068;Education;2356;4712;;;;;;;;
Adult Education;0;;OCOSO;;;Science, Technology and Education;;;Education;;264;Adult Education;264;;;;;;
College Education;0;;OCOSO;;;Science, Technology and Education;;;Education;;365;College Education;122;243;;;;;
College Planning;0;;OCOSO;;;Science, Technology and Education;;;Education;;;College Education;;78;College Planning;78;;;
Postgraduate Education;0;;OCOSO;;;Science, Technology and Education;;;Education;;;College Education;;29;Postgraduate Education;10;19;;
Professional School;0;;OCOSO;;;Science, Technology and Education;;;Education;;;College Education;;;Postgraduate Education;;19;Professional School;19
Undergraduate Education;0;;OCOSO;;;Science, Technology and Education;;;Education;;;College Education;;136;Undergraduate Education;136;;;
Early Childhood Education;0;;OCOSO;;;Science, Technology and Education;;;Education;;870;Early Childhood Education;870;;;;;;
Educational Assessment;0;;OCOSO;;;Science, Technology and Education;;;Education;;197;Educational Assessment;197;;;;;;
Standardized Testing;0;;OCOSO;;;Science, Technology and Education;;;Education;;;Educational Assessment;;310;Standardized Testing;310;;;
Homeschooling;0;;OCOSO;;;Science, Technology and Education;;;Education;;286;Homeschooling;286;;;;;;
Homework and Study;0;;OCOSO;;;Science, Technology and Education;;;Education;;825;Homework and Study;825;;;;;;
Language Learning;0;;OCOSO;;;Science, Technology and Education;;;Education;;176;Language Learning;176;;;;;;
Online Education;0;;OCOSO;;;Science, Technology and Education;;;Education;;692;Online Education;692;;;;;;
Primary Education;0;;OCOSO;;;Science, Technology and Education;;;Education;;180;Primary Education;180;;;;;;
Private School;0;;OCOSO;;;Science, Technology and Education;;;Education;;522;Private School;522;;;;;;
Secondary Education;0;;OCOSO;;;Science, Technology and Education;;;Education;;146;Secondary Education;146;;;;;;
Special Education;0;;OCOSO;;;Science, Technology and Education;;;Education;;189;Special Education;189;;;;;;
Science;0;;OCOSO;;;Science, Technology and Education;;7049;Science;2350;4699;;;;;;;;
Biological Sciences;0;;OCOSO;;;Science, Technology and Education;;;Science;;284;Biological Sciences;284;;;;;;
Chemistry;0;;OCOSO;;;Science, Technology and Education;;;Science;;264;Chemistry;264;;;;;;
Environment;0;;OCOSO;;;Science, Technology and Education;;;Science;;977;Environment;977;;;;;;
Genetics;0;;OCOSO;;;Science, Technology and Education;;;Science;;639;Genetics;639;;;;;;
Geography;0;;OCOSO;;;Science, Technology and Education;;;Science;;403;Geography;403;;;;;;
Geology;0;;OCOSO;;;Science, Technology and Education;;;Science;;613;Geology;613;;;;;;
Physics;0;;OCOSO;;;Science, Technology and Education;;;Science;;781;Physics;781;;;;;;
Space and Astronomy;0;;OCOSO;;;Science, Technology and Education;;;Science;;317;Space and Astronomy;317;;;;;;
Weather;0;;OCOSO;;;Science, Technology and Education;;;Science;;421;Weather;421;;;;;;
Technology & Computing;0;;OCOSO;;;Science, Technology and Education;;18338;Technology & Computing;6113;12225;;;;;;;;
Artificial Intelligence;0;;OCOSO;;;Science, Technology and Education;;;Technology & Computing;;836;Artificial Intelligence;836;;;;;;
Augmented Reality;0;;OCOSO;;;Science, Technology and Education;;;Technology & Computing;;220;Augmented Reality;220;;;;;;
Computing;0;;OCOSO;;;Science, Technology and Education;;;Technology & Computing;;10040;Computing;3347;6693;;;;;
Computer Networking;0;;OCOSO;;;Science, Technology and Education;;;Technology & Computing;;;Computing;;83;Computer Networking;83;;;
Computer Peripherals;0;;OCOSO;;;Science, Technology and Education;;;Technology & Computing;;;Computing;;243;Computer Peripherals;243;;;
Software and Applications;0;;OCOSO;;;Science, Technology and Education;;;Technology & Computing;;;Computing;;2405;Computer Software and Applications;802;1603;;
3-D Graphics;0;;OCOSO;;;Science, Technology and Education;;;Technology & Computing;;;Computing;;;Computer Software and Applications;;3;3-D Graphics;3
Antivirus Software;0;;OCOSO;;;Science, Technology and Education;;;Technology & Computing;;;Computing;;;Computer Software and Applications;;27;Antivirus Software;27
Browsers;0;;OCOSO;;;Science, Technology and Education;;;Technology & Computing;;;Computing;;;Computer Software and Applications;;15;Browsers;15
Computer Animation;0;;OCOSO;;;Science, Technology and Education;;;Technology & Computing;;;Computing;;;Computer Software and Applications;;81;Computer Animation;81
Databases;0;;OCOSO;;;Science, Technology and Education;;;Technology & Computing;;;Computing;;;Computer Software and Applications;;166;Databases;166
Desktop Publishing;0;;OCOSO;;;Science, Technology and Education;;;Technology & Computing;;;Computing;;;Computer Software and Applications;;457;Desktop Publishing;457
Digital Audio;0;;OCOSO;;;Science, Technology and Education;;;Technology & Computing;;;Computing;;;Computer Software and Applications;;229;Digital Audio;229
Graphics Software;0;;OCOSO;;;Science, Technology and Education;;;Technology & Computing;;;Computing;;;Computer Software and Applications;;134;Graphics Software;134
Operating Systems;0;;OCOSO;;;Science, Technology and Education;;;Technology & Computing;;;Computing;;;Computer Software and Applications;;22;Operating Systems;22
Photo Editing Software;0;;OCOSO;;;Science, Technology and Education;;;Technology & Computing;;;Computing;;;Computer Software and Applications;;171;Photo Editing Software;171
Shareware and Freeware;0;;OCOSO;;;Science, Technology and Education;;;Technology & Computing;;;Computing;;;Computer Software and Applications;;27;Shareware and Freeware;27
Video Software;0;;OCOSO;;;Science, Technology and Education;;;Technology & Computing;;;Computing;;;Computer Software and Applications;;52;Video Software;52
Web Conferencing;0;;OCOSO;;;Science, Technology and Education;;;Technology & Computing;;;Computing;;;Computer Software and Applications;;219;Web Conferencing;219
Data Storage and Warehousing;0;;OCOSO;;;Science, Technology and Education;;;Technology & Computing;;;Computing;;570;Data Storage and Warehousing;570;;;
Desktops;0;;OCOSO;;;Science, Technology and Education;;;Technology & Computing;;;Computing;;876;Desktops;876;;;
Information and Network Security;0;;OCOSO;;;Science, Technology and Education;;;Technology & Computing;;;Computing;;104;Information and Network Security;104;;;
Internet;0;;OCOSO;;;Science, Technology and Education;;;Technology & Computing;;;Computing;;1949;Internet;650;1299;;
Cloud Computing;0;;OCOSO;;;Science, Technology and Education;;;Technology & Computing;;;Computing;;;Internet;;38;Cloud Computing;38
Email;0;;OCOSO;;;Science, Technology and Education;;;Technology & Computing;;;Computing;;;Internet;;32;Email;32
Internet for Beginners;0;;OCOSO;;;Science, Technology and Education;;;Technology & Computing;;;Computing;;;Internet;;26;Internet for Beginners;26
Internet of Things;0;;OCOSO;;;Science, Technology and Education;;;Technology & Computing;;;Computing;;;Internet;;94;Internet of Things;94
IT and Internet Support;0;;OCOSO;;;Science, Technology and Education;;;Technology & Computing;;;Computing;;;Internet;;247;IT and Internet Support;247
Search;0;;OCOSO;;;Science, Technology and Education;;;Technology & Computing;;;Computing;;;Internet;;126;Search;126
Social Networking;0;;OCOSO;;;Science, Technology and Education;;;Technology & Computing;;;Computing;;;Internet;;284;Social Networking;284
Web Design and HTML;0;;OCOSO;;;Science, Technology and Education;;;Technology & Computing;;;Computing;;;Internet;;199;Web Design and HTML;199
Web Development;0;;OCOSO;;;Science, Technology and Education;;;Technology & Computing;;;Computing;;;Internet;;169;Web Development;169
Web Hosting;0;;OCOSO;;;Science, Technology and Education;;;Technology & Computing;;;Computing;;;Internet;;84;Web Hosting;84
Laptops;0;;OCOSO;;;Science, Technology and Education;;;Technology & Computing;;;Computing;;209;Laptops;209;;;
Programming Languages;0;;OCOSO;;;Science, Technology and Education;;;Technology & Computing;;;Computing;;254;Programming Languages;254;;;
Consumer Electronics;0;;OCOSO;;;Science, Technology and Education;;;Technology & Computing;;;Consumer Electronics;272;543;;;;;
Cameras and Camcorders;0;;OCOSO;;;Science, Technology and Education;;;Technology & Computing;;;Consumer Electronics;;22;Cameras and Camcorders;22;;;
Home Entertainment Systems;0;;OCOSO;;;Science, Technology and Education;;;Technology & Computing;;;Consumer Electronics;;345;Home Entertainment Systems;345;;;
Smartphones;0;;OCOSO;;;Science, Technology and Education;;;Technology & Computing;;;Consumer Electronics;;10;Smartphones;10;;;
Tablets and E-readers;0;;OCOSO;;;Science, Technology and Education;;;Technology & Computing;;;Consumer Electronics;;136;Tablets and E-readers;136;;;
Wearable Technology;0;;OCOSO;;;Science, Technology and Education;;;Technology & Computing;;;Consumer Electronics;;30;Wearable Technology;30;;;
Robotics;0;;OCOSO;;;Science, Technology and Education;;;Technology & Computing;;354;Robotics;354;;;;;;
Virtual Reality;0;;OCOSO;;;Science, Technology and Education;;;Technology & Computing;;775;Virtual Reality;775;;;;;;
Travel and Holidays;0;;OCOSO;;102543;Travel and Holidays;34181;68362;;;;;;;;;;;
Attractions;0;;OCOSO;;;Travel and Holidays;;37410;Attractions;12470;24940;;;;;;;;
Amusement and Theme Parks;0;;OCOSO;;;Travel and Holidays;;;Attractions;;3916;Amusement and Theme Parks;3916;;;;;;
Bars & Restaurants;0;;OCOSO;;;Travel and Holidays;;;Attractions;;2177;Bars & Restaurants;2177;;;;;;
Casinos & Gambling;0;;OCOSO;;;Travel and Holidays;;;Attractions;;6534;Casinos & Gambling;6534;;;;;;
Historic Site and Landmark Tours;0;;OCOSO;;;Travel and Holidays;;;Attractions;;1077;Historic Site and Landmark Tours;1077;;;;;;
Malls & Shopping Centers;0;;OCOSO;;;Travel and Holidays;;;Attractions;;801;Malls & Shopping Centers;801;;;;;;
Museums & Galleries;0;;OCOSO;;;Travel and Holidays;;;Attractions;;451;Museums & Galleries;451;;;;;;
Nightclubs;0;;OCOSO;;;Travel and Holidays;;;Attractions;;41;Nightclubs;41;;;;;;
Outdoor Attractions;0;;OCOSO;;;Travel and Holidays;;;Attractions;;2268;Outdoor Activities;2268;;;;;;
Parks;0;;OCOSO;;;Travel and Holidays;;;Attractions;;2238;Parks & Nature;2238;;;;;;
Theater Venues;0;;OCOSO;;;Travel and Holidays;;;Attractions;;4408;Theater Venues;4408;;;;;;
Zoos & Aquariums;0;;OCOSO;;;Travel and Holidays;;;Attractions;;1029;Zoos & Aquariums;1029;;;;;;
Holidays;0;;OCOSO;;;Travel and Holidays;;876;Holidays;292;584;;;;;;;;
National & Civic Holidays;0;;OCOSO;;;Travel and Holidays;;;Holidays;;584;National & Civic Holidays;584;;;;;;
Maps & Navigation;0;;OCOSO;;;Travel and Holidays;7519;15038;Maps & Navigation;294361;;;;;;;;;
Travel;0;;OCOSO;;;Travel and Holidays;;15038;Travel;5013;10025;;;;;;;;
Travel Accessories;0;;OCOSO;;;Travel and Holidays;;;Travel;;17;Travel Accessories;17;;;;;;
Travel Locations;0;;OCOSO;;;Travel and Holidays;;;Travel;;1922;Travel Locations;641;1281;;;;;
Africa Travel;0;;OCOSO;;;Travel and Holidays;;;Travel;;;Travel Locations;;271;Africa Travel;271;;;
Asia Travel;0;;OCOSO;;;Travel and Holidays;;;Travel;;;Travel Locations;;20;Asia Travel;20;;;
Australia and Oceania Travel;0;;OCOSO;;;Travel and Holidays;;;Travel;;;Travel Locations;;196;Australia and Oceania Travel;196;;;
Europe Travel;0;;OCOSO;;;Travel and Holidays;;;Travel;;;Travel Locations;;278;Europe Travel;278;;;
North America Travel;0;;OCOSO;;;Travel and Holidays;;;Travel;;;Travel Locations;;63;North America Travel;63;;;
Polar Travel;0;;OCOSO;;;Travel and Holidays;;;Travel;;;Travel Locations;;383;Polar Travel;383;;;
South America Travel;0;;OCOSO;;;Travel and Holidays;;;Travel;;;Travel Locations;;70;South America Travel;70;;;
Travel Preparation and Advice;0;;OCOSO;;;Travel and Holidays;;;Travel;;913;Travel Preparation and Advice;913;;;;;;
Travel Type;0;;OCOSO;;;Travel and Holidays;;;Travel;;7173;Travel Type;2391;4782;;;;;
Adventure Travel;0;;OCOSO;;;Travel and Holidays;;;Travel;;;Travel Type;;533;Adventure Travel;533;;;
Air Travel;0;;OCOSO;;;Travel and Holidays;;;Travel;;;Travel Type;;18;Air Travel;18;;;
Beach Travel;0;;OCOSO;;;Travel and Holidays;;;Travel;;;Travel Type;;72;Beach Travel;72;;;
Bed & Breakfasts;0;;OCOSO;;;Travel and Holidays;;;Travel;;;Travel Type;;661;Bed & Breakfasts;661;;;
Budget Travel;0;;OCOSO;;;Travel and Holidays;;;Travel;;;Travel Type;;155;Budget Travel;155;;;
Business Travel;0;;OCOSO;;;Travel and Holidays;;;Travel;;;Travel Type;;496;Business Travel;496;;;
Camping;0;;OCOSO;;;Travel and Holidays;;;Travel;;;Travel Type;;217;Camping;217;;;
Cruises;0;;OCOSO;;;Travel and Holidays;;;Travel;;;Travel Type;;234;Cruises;234;;;
Day Trips;0;;OCOSO;;;Travel and Holidays;;;Travel;;;Travel Type;;333;Day Trips;333;;;
Family Travel;0;;OCOSO;;;Travel and Holidays;;;Travel;;;Travel Type;;630;Family Travel;630;;;
Honeymoons and Getaways;0;;OCOSO;;;Travel and Holidays;;;Travel;;;Travel Type;;504;Honeymoons and Getaways;504;;;
Hotels and Motels;0;;OCOSO;;;Travel and Holidays;;;Travel;;;Travel Type;;576;Hotels and Motels;576;;;
Rail Travel;0;;OCOSO;;;Travel and Holidays;;;Travel;;;Travel Type;;139;Rail Travel;139;;;
Road Trips;0;;OCOSO;;;Travel and Holidays;;;Travel;;;Travel Type;;213;Road Trips;213;;;
Spas;0;;OCOSO;;;Travel and Holidays;;;Travel;;;Travel Type;;1;Spas;1;;;
Government;0;;OCOSO;;184623;Government;61541;123082;;;;;;;;;;;
Politics;0;;OCOSO;;;Government;;2721;Politics;907;1814;;;;;;;;
Civic affairs;0;;OCOSO;;;Government;;;Politics;;885;Civic affairs;885;;;;;;
Elections;0;;OCOSO;;;Government;;;Politics;;352;Elections;352;;;;;;
Political Issues & Policy;0;;OCOSO;;;Government;;;Politics;;577;Political Issues & policy;577;;;;;;
War and Conflicts;0;;OCOSO;;;Government;;120361;War and Conflicts;120361;;;;;;;;;